INSERT INTO users (full_name, date_of_birth, gender, address, phone, email, image_user)
VALUES
(N'Phạm Lan Anh', '2002-07-19', 0, N'Xã Ninh Hưng, Thị xã Ninh Hòa, Khánh Hòa', '0917798192', 'anhlp@sso.edu.vn', 'assets\images\avatar\avatar1.png'),
(N'Phùng Huyền Chi', '2002-11-03', 1, N'Xã Diên Đồng, Huyện Diên Khánh, Khánh Hòa', '0364578883', 'chihp@sso.edu.vn', 'assets\images\avatar\avatar2.png'),
(N'Nguyễn Thị Bích Du', '2002-07-31', 0, N'Xã Ninh Sim, Thị xã Ninh Hòa, Khánh Hòa', '0352478530', 'dutn@sso.edu.vn', 'assets\images\avatar\avatar3.png'),
(N'Võ Thị Duyên', '2002-12-05', 1, N'Phường Hòa Hiệp Bắc, Thị xã Đông Hòa, Phú Yên', '0366883734', 'duyentv@sso.edu.vn', 'assets\images\avatar\avatar1.png'),
(N'Lưu Thị Mỹ Hiền', '2002-10-02', 0, N'Thị trấn Phước Dân, Huyện Ninh Phước, Ninh Thuận', '0559664770', 'hientl@sso.edu.vn', 'assets\images\avatar\avatar2.png'),
(N'Phạm Thị Thu Hiền', '2002-06-29', 1, N'Xã Vạn Phú, Huyện Vạn Ninh, Khánh Hòa', '0905038690', 'hientp@sso.edu.vn', 'assets\images\avatar\avatar3.png'),
(N'Bùi Huy Hoàng', '2002-09-09', 0, N'Xã Suối Hiệp, Huyện Diên Khánh, Khánh Hòa', '0869267550', 'hoanghb@sso.edu.vn', 'assets\images\avatar\avatar1.png'),
(N'Nguyễn Thị Hoàng Yến', '2000-05-24', 1, N'Xã Diên Điền, Huyện Diên Khánh, Khánh Hòa', '0968311424', 'yentn@sso.edu.vn', 'assets\images\avatar\avatar2.png'),
(N'Cao Trần Thanh Huyền', '2002-12-21', 0, N'Xã Diên Điền, Huyện Diên Khánh, Khánh Hòa', '0706243871', 'huyentc@sso.edu.vn', 'assets\images\avatar\avatar3.png'),
(N'Nguyễn Vĩnh Khánh', '2002-03-15', 0, N'Phường Vĩnh Hải, Thành phố Nha Trang, Khánh Hòa', '0833041129', 'khanhvn@sso.edu.vn', 'assets\images\avatar\avatar1.png'),
(N'Nguyễn Duy Khánh', '2002-03-10', 0, N'Xã Diên Điền, Huyện Diên Khánh, Khánh Hòa', '0762662340', 'khanhdn@sso.edu.vn', 'assets\images\avatar\avatar2.png'),
(N'Nguyễn Thị Mỹ Liên', '2001-02-20', 0, N'Phường Vĩnh Phước, Thành phố Nha Trang, Khánh Hòa', '0357488461', 'lientn@sso.edu.vn', 'assets\images\avatar\avatar3.png'),
(N'Nguyễn Hồ Trúc Linh', '2002-07-02', 0, N'Phường Vĩnh Phước, Thành phố Nha Trang, Khánh Hòa', '0778773239', 'linhhn@sso.edu.vn', 'assets\images\avatar\avatar1.png'),
(N'Đỗ Hoàng Trúc Linh', '2001-10-05', 0, N'Phường Vĩnh Thọ, Thành phố Nha Trang, Khánh Hòa', '0376354610', 'linhhđ@sso.edu.vn', 'assets\images\avatar\avatar2.png'),
(N'Phan Thị Mai', '2002-02-14', 0, N'Xã Sơn Hà, Huyện Sơn Hòa, Phú Yên', '0935326243', 'maitp@sso.edu.vn', 'assets\images\avatar\avatar3.png'),
(N'Huỳnh Kim Ngân', '2001-10-02', 1, N'Thị trấn Cam Đức, Huyện Cam Lâm, Khánh Hòa', '0932058317', 'ngankh@sso.edu.vn', 'assets\images\avatar\avatar1.png'),
(N'Trương Thị Diễn Ngọc', '2002-02-15', 0, N'Xã Vĩnh Trung, Thành phố Nha Trang, Khánh Hòa', '0903551896', 'ngoctt@sso.edu.vn', 'assets\images\avatar\avatar2.png'),
(N'Trương Khánh Nhi', '2002-05-04', 1, N'Xã Vạn Lương, Huyện Vạn Ninh, Khánh Hòa', '0338310492', 'nhikt@sso.edu.vn', 'assets\images\avatar\avatar3.png'),
(N'Trần Thị Tuyết Nhung', '2002-12-16', 0, N'Phường Ninh Đa, Thị xã Ninh Hòa, Khánh Hòa', '0332426202', 'nhungtt@sso.edu.vn', 'assets\images\avatar\avatar1.png'),
(N'Huỳnh Thị Như Ý', '2002-12-13', 0, N'Phường Phước Long, Thành phố Nha Trang, Khánh Hòa', '0844979949', 'yth@sso.edu.vn', 'assets\images\avatar\avatar2.png'),
(N'Trương Tiến Phát', '2002-03-08', 1, N'Xã Diên Đồng, Huyện Diên Khánh, Khánh Hòa', '0978344310', 'phattt@sso.edu.vn', 'assets\images\avatar\avatar3.png'),
(N'Nguyễn Dương Kim Phúc', '2002-11-06', 1, N'Xã Hòa Kiến, Thành phố Tuy Hoà, Phú Yên', '0342826067', 'phucdn@sso.edu.vn', 'assets\images\avatar\avatar1.png'),
(N'Võ Triệu Khắc Phượng', '2002-08-25', 1, N'Xã Ninh Trung, Thị xã Ninh Hòa, Khánh Hòa', '0978423308', 'phuongtv@sso.edu.vn', 'assets\images\avatar\avatar2.png'),
(N'Nguyễn Hà Phương', '2002-10-14', 1, N'Phường Tân Lập, Thành phố Nha Trang, Khánh Hòa', '0385629031', 'phuonghn@sso.edu.vn', 'assets\images\avatar\avatar3.png'),
(N'Trương Diễm Quỳnh', '2002-03-10', 1, N'Phường Phương Sài, Thành phố Nha Trang, Khánh Hòa', '0347622142', 'quynhdt@sso.edu.vn', 'assets\images\avatar\avatar1.png'),
(N'Nguyễn Minh Tâm', '2001-04-20', 1, N'Xã An Thạch, Huyện Tuy An, Phú Yên', '0342541080', 'tammn@sso.edu.vn', 'assets\images\avatar\avatar2.png'),
(N'Nguyễn Thị Kim Thi', '2002-10-31', 1, N'Phường Tân Lập, Thành phố Nha Trang, Khánh Hòa', '0392381766', 'thitn@sso.edu.vn', 'assets\images\avatar\avatar3.png'),
(N'Nguyễn Thị Mỹ Hạnh', '2002-03-16', 0, N'Xã Thụy Sơn, Huyện Thái Thụy, Thái Bình', '0379987446', 'hanhtn@sso.edu.vn', 'assets\images\avatar\avatar1.png'),
(N'Nguyễn Đình Giáng Thu', '2002-09-05', 1, N'Phường Xuân Thành, Thị xã Sông Cầu, Phú Yên', '0987707472', 'thuđn@sso.edu.vn', 'assets\images\avatar\avatar2.png'),
(N'Nguyễn Thị Thanh Thúy', '2002-10-16', 0, N'Phường Phương Sài, Thành phố Nha Trang, Khánh Hòa', '0772392002', 'thuytn@sso.edu.vn', 'assets\images\avatar\avatar3.png'),
(N'Trần Nguyễn Thủy Đan', '2001-08-09', 1, N'Phường Lộc Thọ, Thành phố Nha Trang, Khánh Hòa', '0975177140', 'dannt@sso.edu.vn', 'assets\images\avatar\avatar1.png'),
(N'Trần Võ Hà Đan Thư', '2002-02-02', 1, N'Phường Cam Phúc Nam, Thành phố Cam Ranh, Khánh Hòa', '0352848070', 'thuvt@sso.edu.vn', 'assets\images\avatar\avatar2.png'),
(N'Võ Nhân Tính', '2002-08-17', 1, N'Phường Nguyễn Văn Cừ, Thành phố Quy Nhơn, Bình Định', '0368391527', 'tinhnv@sso.edu.vn', 'assets\images\avatar\avatar3.png'),
(N'Lê Thị Bích Trâm', '2001-10-20', 1, N'Phường Vạn Thạnh, Thành phố Nha Trang, Khánh Hòa', '0769574602', 'tramtl@sso.edu.vn', 'assets\images\avatar\avatar1.png'),
(N'Nguyễn Võ Quang Tuấn', '2002-04-21', 1, N'Xã Phước Đồng, Thành phố Nha Trang, Khánh Hòa', '0769452676', 'tuanvn@sso.edu.vn', 'assets\images\avatar\avatar2.png'),
(N'Võ Tường Vi', '2002-06-15', 0, N'Xã Ninh Sim, Thị xã Ninh Hòa, Khánh Hòa', '0866186708', 'vitv@sso.edu.vn', 'assets\images\avatar\avatar3.png'),
(N'Trần Thúy Vy', '2002-10-03', 0, N'Xã Diên Phước, Huyện Diên Khánh, Khánh Hòa', '0378246549', 'vytt@sso.edu.vn', 'assets\images\avatar\avatar1.png'),
(N'Nguyễn Trọng Bình', '2002-05-28', 1, N'Phường Phước Tân, Thành phố Nha Trang, Khánh Hòa', '0369487983', 'binhtn@sso.edu.vn', 'assets\images\avatar\avatar2.png'),
(N'Trần Thị Lý Diệu', '2002-01-01', 0, N'Phường Vĩnh Nguyên, Thành phố Nha Trang, Khánh Hòa', '0764477903', 'dieutt@sso.edu.vn', 'assets\images\avatar\avatar3.png'),
(N'Nguyễn Thị Thanh Diễm', '2002-01-01', 0, N'Thị trấn Khánh Vĩnh, Huyện Khánh Vĩnh, Khánh Hòa', '0325516163', 'diemtn@sso.edu.vn', 'assets\images\avatar\avatar1.png'),
(N'Trương Tuyết Diệu', '2001-06-02', 0, N'Xã Vạn Khánh, Huyện Vạn Ninh, Khánh Hòa', '0378722719', 'dieutt@sso.edu.vn', 'assets\images\avatar\avatar2.png'),
(N'Mai Đức Duy', '2002-05-26', 0, N'Xã Vĩnh Phương, Thành phố Nha Trang, Khánh Hòa', '0987531878', 'duyđm@sso.edu.vn', 'assets\images\avatar\avatar3.png'),
(N'Nguyễn Quang Vinh', '2004-07-30', 1, N'Xã Ninh Hưng, Thị xã Ninh Hòa, Khánh Hòa', '0359417246', 'vinhqn@sso.edu.vn', 'assets\images\avatar\avatar1.png'),
(N'Nguyễn Minh Tài', '2004-07-31', 1, N'Phường Vĩnh Nguyên, Thành phố Nha Trang, Khánh Hòa', '0903565482', 'taimn@sso.edu.vn', 'assets\images\avatar\avatar2.png'),
(N'Phạm Hồ Như Thủy', '2004-08-01', 1, N'Xã Vĩnh Thạnh, Thành phố Nha Trang, Khánh Hòa', '0973235781', 'thuyhp@sso.edu.vn', 'assets\images\avatar\avatar3.png'),
(N'Trần Đức Ngạn', '2004-08-02', 0, N'Xã Ninh Quang, Thị xã Ninh Hòa, Khánh Hòa', '0343047829', 'nganđt@sso.edu.vn', 'assets\images\avatar\avatar1.png'),
(N'Nguyễn Trà Mi', '2004-08-03', 1, N'Phường Vĩnh Hòa, Thành phố Nha Trang, Khánh Hòa', '0903573549', 'mytn@sso.edu.vn', 'assets\images\avatar\avatar2.png');

INSERT INTO roles (role_name)
VALUES ('customer'), ('admin'), ('employee');

INSERT INTO user_roles (user_id, role_id)
VALUES
-- 31 customer
(1, 1), (2, 1), (3, 1), (4, 1), (5, 1), (6, 1), (7, 1), (8, 1), (9, 1), (10, 1),
(11, 1), (12, 1), (13, 1), (14, 1), (15, 1), (16, 1), (17, 1), (18, 1), (19, 1), (20, 1),
(21, 1), (22, 1), (23, 1), (24, 1), (25, 1), (26, 1), (27, 1), (28, 1), (29, 1), (43, 1),
-- 1 admin
(44, 2),
-- 15 employees
(32, 3), (33, 3), (34, 3), (35, 3), (36, 3), (37, 3), (38, 3), (39, 3), (40, 3), (41, 3),
(45, 3), (30, 3), (31, 3),
(42, 3), (47, 3), (46, 1);

INSERT INTO user_accounts (username, password, user_role_id)
VALUES
('phamlananh', 'password@123', 1),
('phunghuyenchi', 'password@123', 2),
('nguyenthibichdu', 'password@123', 3),
('vothiduyen', 'password@123', 4),
('luuthimyhien', 'password@123', 5),
('phamthithuhien', 'password@123', 6),
('buihuyhoang', 'password@123', 7),
('nguyenthihoangyen', 'password@123', 8),
('huyentrancao', 'password@123', 9),
('khanhnguyen', 'password@123', 10),
('khanhduynguyen', 'password@123', 11),
('lienthinguyen', 'password@123', 12),
('linhnguyen', 'password@123', 13),
('linhdo', 'password@123', 14),
('maiphan', 'password@123', 15),
('ngankimhuynh', 'password@123', 16),
('ngoctruong', 'password@123', 17),
('nhitrương', 'password@123', 18),
('nhungtran', 'password@123', 19),
('huynhthinhuy', 'password@123', 20),
('phattientruong', 'password@123', 21),
('phucnguyen', 'password@123', 22),
('votrieukhacphuong', 'password@123', 23),
('nguyenhaphuong', 'password@123', 24),
('truongdiemquynh', 'password@123', 25),
('nguyenminhtam', 'password@123', 26),
('nguyenthikimthi', 'password@123', 27),
('nguyenthimihanh', 'password@123', 28),
('nguyendinhgiangthu', 'password@123', 29),
('nguyenthithanhthuy', 'password@123', 43),
('tannguyenthuydan', 'password@123', 44),
('tranvodanthu', 'password@123', 32),
('vonhantinh', 'password@123', 33),
('lethibichtram', 'password@123', 34),
('nguyenvoquantuan', 'password@123', 35),
('votuongvi', 'password@123', 36),
('tranthuyvy', 'password@123', 37),
('nguyentrongbinh', 'password@123', 38),
('tranthilydieu', 'password@123', 39),
('nguyenthithanhdiem', 'password@123', 40),
('truongtuyetdieu', 'password@123', 41),
('maiducduy', 'password@123', 45),
('nguyenquangvinh', 'password@123', 30),
('nguyenminhtai', 'password@123', 31),
('phamhonhuthuy', 'password@123', 42),
('tranducngan', 'password@123', 47),
('nguyentrami', 'password@123', 46);



INSERT INTO education_level (education_level_name)
VALUES
(N'Tiểu học'),
(N'Trung học cơ sở'),
(N'Trung học phổ thông'),
(N'Cao đẳng'),
(N'Đại học'),
(N'Thạc sĩ'),
(N'Tiến sĩ');

INSERT INTO employees (user_id, education_level_id, work_date)
VALUES
(32, 1, '2020-01-01'), (33, 2, '2020-02-01'), (34, 3, '2020-03-01'), (35, 4, '2020-04-01'),
(36, 5, '2020-05-01'), (37, 6, '2020-06-01'), (38, 7, '2020-07-01'), (39, 4, '2020-08-01'),
(40, 5, '2020-09-01'), (41, 5, '2020-10-01'), (45, 4, '2020-11-01'), (43, 4, '2020-12-01'),
(31, 3, '2021-01-01');


INSERT INTO salary_coefficient (salary_coefficient_value, update_coefficient_date, role_id)
VALUES
(1.1, '2020-01-01', 3), (1.2, '2020-01-02',3), (1.3, '2020-01-01', 2);

INSERT INTO employee_salary (employee_id, salary_base, salary_coefficient_id, salary_date)
VALUES
(1, 10000.000, 1, '2024-03-01'), (2, 12000.000, 1, '2024-03-01'), (3, 15000.000, 1, '2024-03-01'),
(4, 18000.000, 1, '2024-03-01'), (5, 10000.000, 2, '2024-03-01'), (6, 12000.000, 2, '2024-03-01'),
(7, 15000.000, 2, '2024-03-01'), (8, 18000.000, 2, '2024-03-01'), (9, 10000.000, 3, '2024-03-01'),
(10, 12000.000, 3, '2024-03-01'), (11, 15000.000, 3, '2024-03-01'), (12, 18000.000, 3, '2024-03-01'),
(13, 10000.000, 3, '2024-03-01');

INSERT INTO employee_attendance (employee_id, attendance_date)
VALUES
(1, '2024-03-01'),
(1, '2024-03-02'),
(1, '2024-03-03'),
(1, '2024-03-04'),
(1, '2024-03-05'),
(2, '2024-03-01'),
(2, '2024-03-02'),
(2, '2024-03-03'),
(2, '2024-03-04'),
(2, '2024-03-05'),
(3, '2024-03-01'),
(3, '2024-03-02'),
(3, '2024-03-03'),
(3, '2024-03-04'),
(3, '2024-03-05'),
(4, '2024-03-01'),
(4, '2024-03-02'),
(4, '2024-03-03'),
(4, '2024-03-04'),
(4, '2024-03-05'),
(5, '2024-03-01'),
(5, '2024-03-02'),
(5, '2024-03-03'),
(5, '2024-03-04'),
(5, '2024-03-05'),
(6, '2024-03-01'),
(6, '2024-03-02'),
(6, '2024-03-03'),
(6, '2024-03-04'),
(6, '2024-03-05'),
(7, '2024-03-01'),
(7, '2024-03-02'),
(7, '2024-03-03'),
(7, '2024-03-04'),
(7, '2024-03-05'),
(8, '2024-03-01'),
(8, '2024-03-02'),
(8, '2024-03-03'),
(8, '2024-03-04'),
(8, '2024-03-05'),
(9, '2024-03-01'),
(9, '2024-03-02'),
(9, '2024-03-03'),
(9, '2024-03-04'),
(9, '2024-03-05'),
(10, '2024-03-01'),
(10, '2024-03-02'),
(10, '2024-03-03'),
(10, '2024-03-04'),
(10, '2024-03-05'),
(11, '2024-03-01'),
(11, '2024-03-02'),
(11, '2024-03-03'),
(11, '2024-03-04'),
(11, '2024-03-05'),
(12, '2024-03-01'),
(12, '2024-03-02'),
(12, '2024-03-03'),
(12, '2024-03-04'),
(12, '2024-03-05'),
(13, '2024-03-01'),
(13, '2024-03-02'),
(13, '2024-03-03'),
(13, '2024-03-04'),
(13, '2024-03-05');
-- Chèn dữ liệu vào bảng product_categories
INSERT INTO product_categories (category_name) VALUES
    ('Books'),('Eraser'),('Pen'),('Calculator'),('Paper'),('Ruler'),('Scissors'),('Cutting knife'),('Cover'),('Hole punch'),('Stapler'),('Battery'),('Notebook'),('Clip'),('Tape');
-- Chèn dữ liệu vào bảng suppliers
INSERT INTO suppliers (supplier_name, supplier_origin) VALUES
    ('ThriftBooks', 'USA'),
    ('Amazon', 'USA'),
    ('SASSI','Italia'),
    ('Walter Foster','California'),
    (N'Thiên Long','VietNam');

-- Chèn dữ liệu vào bảng products
INSERT INTO products (category_id,product_price, product_image, product_quantity, supplier_id, product_status) VALUES
 (1, 30000.00, 'https://i.thriftbooks.com/api/imagehandler/m/06918119C6BCEC9A8E642D46F6EF7D5884F8549E.jpeg', 20, 1, 'Available'),
 (1, 30000.00, 'https://m.media-amazon.com/images/I/514pUO47lqL._SL350_.jpg', 20, 1, 'Available'),
 (1, 30000.00, 'https://m.media-amazon.com/images/I/41jB-ntnYhL._SL350_.jpg', 20, 1, 'Available'),
 (1, 30000.00, 'https://m.media-amazon.com/images/I/41+T0Hl4s7L._SL350_.jpg', 20, 1, 'Available'),
 (1, 30000.00, 'https://i.thriftbooks.com/api/imagehandler/m/DDF0896327DFB0C41E67CCA9E40761D15D5FFE21.jpeg', 20, 1, 'Available'),
 (1, 30000.00, 'https://i.thriftbooks.com/api/imagehandler/m/3B92417C352194888A5D76F6C3C78EB36B23B4ED.jpeg', 20, 1, 'Available'),
 (1, 30000.00, 'https://m.media-amazon.com/images/I/51yfXzyZkvL._SL350_.jpg', 20, 1, 'Available'),
 (1, 30000.00, 'https://i.thriftbooks.com/api/imagehandler/m/EA0BD70BA1E8BA9DD6B6152F6E3F9F7960CC21AD.jpeg', 20, 1, 'Available'),
 (1, 30000.00, 'https://i.thriftbooks.com/api/imagehandler/m/9E771FA4A32E88EAD3F4673A44B32692A17D518D.jpeg', 20, 1, 'Available'),
 (1, 30000.00, 'https://i.thriftbooks.com/api/imagehandler/m/F9D724D1A013F5F8A0B6CA8089C39CB3B06BB9F5.jpeg', 20, 1, 'Available'),
 (1, 20000.00, 'https://i.thriftbooks.com/api/imagehandler/m/00448E26E552CD05E60C655AFAB378A31D4F8A4D.jpeg', 20, 1, 'Available'),
 (1, 20000.00, 'https://m.media-amazon.com/images/I/41Xmnsh3aaL._SL350_.jpg', 20, 1, 'Available'),
 (1, 20000.00, 'https://i.thriftbooks.com/api/imagehandler/m/4CF42EE9E0D50CCB9C53F75570637957B7BAEDC5.jpeg', 20, 1, 'Available'),
 (1, 20000.00, 'https://m.media-amazon.com/images/I/51T4Fdr9AgL._SL350_.jpg', 20, 1, 'Available'),
 (1, 20000.00, 'https://i.thriftbooks.com/api/imagehandler/m/057F674AE00B07BB0E11BACAC47E4EC88A39BC6B.jpeg', 20, 1, 'Available'),
 (1, 20000.00, 'https://i.thriftbooks.com/api/imagehandler/m/C69C8A4636FA4FBA0180ECEE132F3E13465A4E01.jpeg', 20, 1, 'Available'),
 (1, 20000.00, 'https://i.thriftbooks.com/api/imagehandler/m/8990B86ACA6F17E0F85D7CF27BF1B4224C0B90F7.jpeg', 20, 1, 'Available'),
 (1, 20000.00, 'https://m.media-amazon.com/images/I/51CqD7cjLUL._SL350_.jpg', 20, 1, 'Available'),
 (1, 20000.00, 'https://m.media-amazon.com/images/I/51z9XMxcsWL._SL350_.jpg', 20, 1, 'Available'),
 (1, 20000.00, 'https://i.thriftbooks.com/api/imagehandler/m/5815B595623BAAB9D057DAACFB40B299DA8EA387.jpeg', 20, 1, 'Available'),
 (1, 20000.00, 'https://i.thriftbooks.com/api/imagehandler/m/42146CCB7BC983B32261E7D5DFDD319347E63B34.jpeg', 20, 1, 'Available'),
 (1, 25000.00, 'https://m.media-amazon.com/images/I/41vYmaWRm4L._SL350_.jpg', 20, 1, 'Available'),
 (1, 25000.00, 'https://i.thriftbooks.com/api/imagehandler/m/23BCF5A8DAA4FF2ED6958AF8058B4E8CC05B8F3C.jpeg', 20, 1, 'Available'),
 (1, 25000.00, 'https://i.thriftbooks.com/api/imagehandler/m/C00093899E9D6CFFA2ED1AAE432A4918A177E0E5.jpeg', 20, 1, 'Available'),
 (1, 25000.00, 'https://i.thriftbooks.com/api/imagehandler/m/BFC050D3F64E522F090513E4A4479D460B158D67.jpeg', 20, 1, 'Available'),
 (1, 25000.00, 'https://i.thriftbooks.com/api/imagehandler/m/61DE3B433BB481016E66A9EC08FA5FD98941366F.jpeg', 20, 1, 'Available'),
 (1, 25000.00, 'https://i.thriftbooks.com/api/imagehandler/m/57F3AFC89CD66C38C8F0793AE2566F779FB7B6D2.jpeg', 20, 1, 'Available'),
 (1, 25000.00, 'https://m.media-amazon.com/images/I/41F08Mn8EtL._SL350_.jpg', 20, 1, 'Available'),
 (1, 25000.00, 'https://i.thriftbooks.com/api/imagehandler/m/EA54FF6152F44611355473768D4228A3A29ECE85.jpeg', 20, 1, 'Available'),
 (1, 25000.00, 'https://m.media-amazon.com/images/I/5101DkOtzRL._SL350_.jpg', 20, 1, 'Available'),
 (1, 25000.00, 'https://i.thriftbooks.com/api/imagehandler/m/5FA9F4982CFD9F56E5C7D04A623604570A481897.jpeg', 20, 1, 'Available'),
 (1, 25000.00, 'https://i.thriftbooks.com/api/imagehandler/m/D8F9BB0AFBAA03AD99F55A71C423AFEA122F5B31.jpeg', 20, 1, 'Available'),
 (1, 40000.00, 'https://i.thriftbooks.com/api/imagehandler/m/21ABE7A372B6BD9EB8FCD8D051ABD10D414C4993.jpeg', 20, 1, 'Available'),
 (1, 40000.00, 'https://i.thriftbooks.com/api/imagehandler/m/EFF0D97B9E358D4A02716E9DF51937C004FC900F.jpeg', 20, 1, 'Available'),
 (1, 40000.00, 'https://i.thriftbooks.com/api/imagehandler/m/CCC74DCFD76A5BCDD95EC14EBF1A07475639328F.jpeg', 20, 1, 'Available'),
 (1, 40000.00, 'https://i.thriftbooks.com/api/imagehandler/m/DA8CD6A0734DCB91D93C33533988F883DE9881A5.jpeg', 20, 1, 'Available'),
 (1, 40000.00, 'https://i.thriftbooks.com/api/imagehandler/m/862321A28C0EBC2D8814BD581D9791858E1419D0.jpeg', 20, 1, 'Available'),
 (1, 40000.00, 'https://i.thriftbooks.com/api/imagehandler/m/9CA62488F848EEACD028C22FF3147C89ADFBE699.jpeg', 20, 1, 'Available'),
 (1, 40000.00, 'https://i.thriftbooks.com/api/imagehandler/m/EC8DAC983FDBDC03D846002398578BB422F0B7A4.jpeg', 20, 1, 'Available'),
 (1, 40000.00, 'https://m.media-amazon.com/images/I/51xDLToVAYL._SL350_.jpg', 20, 1, 'Available'),
 (1, 40000.00, 'https://i.thriftbooks.com/api/imagehandler/m/11DB7AD149F40E1FF8BF9408E74EDC5DA5C88728.jpeg', 20, 1, 'Available'),
 (1, 40000.00, 'https://i.thriftbooks.com/api/imagehandler/m/7548F531C6E23F4D172CB28B621E8ED9F7D18FBB.jpeg', 20, 1, 'Available'),
 (1, 40000.00, 'https://i.thriftbooks.com/api/imagehandler/m/A332A3F9FCF17B2A83BA7AE5F8DEFDCD0E60A552.jpeg', 20, 1, 'Available'),
 (1, 30000.00, 'https://m.media-amazon.com/images/I/51qMElGc5NL._SL350_.jpg', 20, 1, 'Available'),
 (1, 30000.00, 'https://i.thriftbooks.com/api/imagehandler/m/6F300E4E7EF61D2E9C0FA09E3FE3D8C970106C91.jpeg', 20, 1, 'Available'),
 (1, 30000.00, 'https://i.thriftbooks.com/api/imagehandler/m/8E2DB2DB3D9421AEEFA8CD6CC22690193791BB2C.jpeg', 20, 1, 'Available'),
 (1, 30000.00, 'https://i.thriftbooks.com/api/imagehandler/m/9854718C3FED24D92B832E5E6EB4D3802F27A8F4.jpeg', 20, 1, 'Available'),
 (1, 30000.00, 'https://i.thriftbooks.com/api/imagehandler/m/3D4C89C3D9F15095939A5F2DD7A4394E60228894.jpeg', 20, 1, 'Available'),
 (1, 30000.00, 'https://i.thriftbooks.com/api/imagehandler/m/B96483D13AC920A075D2E2279FE11E4BA9871ACE.jpeg', 20, 1, 'Available'),
 (1, 30000.00, 'https://i.thriftbooks.com/api/imagehandler/m/80B02BF8D3DDE39DB587247A8B4451E2E51938C6.jpeg', 20, 1, 'Available'),
 (1, 30000.00, 'https://i.thriftbooks.com/api/imagehandler/m/2741D3DB9CAB1DC3C18442339FCF772CF58AE828.jpeg', 20, 1, 'Available'),
 (1, 30000.00, 'https://m.media-amazon.com/images/I/51je5+9WbBL._SL350_.jpg', 20, 1, 'Available'),
 (1, 30000.00, 'https://i.thriftbooks.com/api/imagehandler/m/E575F02B370E477855C1D0D1EEBE3B1D19998C5B.jpeg', 20, 1, 'Available'),
 (1, 30000.00, 'https://i.thriftbooks.com/api/imagehandler/m/2DF20A7C5568E0B8BA482625B3D2C5460F522A0F.jpeg', 20, 1, 'Available'),
 (1, 35000.00, 'https://i.thriftbooks.com/api/imagehandler/m/B2FA6A04CE8774C2C0213A3BC3403ABD6D779ACD.jpeg', 20, 1, 'Available'),
 (1, 35000.00, 'https://m.media-amazon.com/images/I/51dAN4TLfvL._SL350_.jpg', 20, 1, 'Available'),
 (1, 35000.00, 'https://i.thriftbooks.com/api/imagehandler/m/4B62AFF2269DC658F30D508B36A009018B0C0581.jpeg', 20, 1, 'Available'),
 (1, 35000.00, 'https://i.thriftbooks.com/api/imagehandler/m/3C23358F8401ED772A7A94F8192861EC832093C0.jpeg', 20, 1, 'Available'),
 (1, 35000.00, 'https://i.thriftbooks.com/api/imagehandler/m/0CB880AD1E18D36113136AFB2A46E0D80B7E845F.jpeg', 20, 1, 'Available'),
 (1, 35000.00, 'https://i.thriftbooks.com/api/imagehandler/m/121CAFE68F95ECA1EDABA191316E016D6B821D7C.jpeg', 20, 1, 'Available'),
 (1, 35000.00, 'https://image-plz.thriftbooks.com/m/28860F6C57A441BD87BEDA93B0F58F52.png', 20, 1, 'Available'),
 (1, 35000.00, 'https://i.thriftbooks.com/api/imagehandler/m/86A3ECBFF8583C97602468A792BB51AD7EEEE80A.jpeg', 20, 1, 'Available'),
 (1, 35000.00, 'https://i.thriftbooks.com/api/imagehandler/m/45AD5BA9B434DDEA59DA96AB044A9009C32EF1E4.jpeg', 20, 1, 'Available'),
 (1, 35000.00, 'https://i.thriftbooks.com/api/imagehandler/m/BCC50D1AE50028D0CD92AA585DEDAFE2B6C622FD.jpeg', 20, 1, 'Available'),
 (1, 35000.00, 'https://m.media-amazon.com/images/I/41N-d8mSFpL._SL350_.jpg', 20, 1, 'Available'),
 (1, 32000.00, 'https://i.thriftbooks.com/api/imagehandler/m/079DA7F4B39473D51F1027A1D3130BD8FBE711B3.jpeg', 20, 1, 'Available'),
 (1, 32000.00, 'https://i.thriftbooks.com/api/imagehandler/m/ABECB260759AD7C4B2B0B847F2B246379B1C8D68.jpeg', 20, 1, 'Available'),
 (1, 32000.00, 'https://i.thriftbooks.com/api/imagehandler/m/9FA56D2BA2D4AEB3DF07640476A2E4C43C324AE3.jpeg', 20, 1, 'Available'),
 (1, 32000.00, 'https://i.thriftbooks.com/api/imagehandler/m/A9FF6DD2B9BD4AA2DE079D113F604C2869AD36A7.jpeg', 20, 1, 'Available'),
 (1, 32000.00, 'https://i.thriftbooks.com/api/imagehandler/m/BF4DBEE832EA6752E077E8080D9DCFC7D93EE1E6.jpeg', 20, 1, 'Available'),
 (1, 32000.00, 'https://i.thriftbooks.com/api/imagehandler/m/031AAF9CE9501D8072311A57E39349029BDB961E.jpeg', 20, 1, 'Available'),
 (1, 32000.00, 'https://i.thriftbooks.com/api/imagehandler/m/33E4B0786ADA8FFB581DE545DDB9388B8C0F6B29.jpeg', 20, 1, 'Available'),
 (1, 32000.00, 'https://i.thriftbooks.com/api/imagehandler/m/401C0B2179F15E5AF26533687601F133064BE07B.jpeg', 20, 1, 'Available'),
 (1, 32000.00, 'https://i.thriftbooks.com/api/imagehandler/m/7443724F45F0B0E6F06D2618606A660DD8F9B6EF.jpeg', 20, 1, 'Available'),
 (1, 32000.00, 'https://i.thriftbooks.com/api/imagehandler/m/57197C608892C4B6F134FDD50465603722B1220E.jpeg', 20, 1, 'Available'),
 (1, 32000.00, 'https://m.media-amazon.com/images/I/41-3VEjfCyL._SL350_.jpg', 20, 1, 'Available'),
 (1, 28000.00, 'https://m.media-amazon.com/images/I/41zzDlj+gPL._SL350_.jpg', 20, 1, 'Available'),
 (1, 28000.00, 'https://i.thriftbooks.com/api/imagehandler/m/D84C88F8C080592ED90DF1986E3E215A3E336650.jpeg', 20, 1, 'Available'),
 (1, 28000.00, 'https://i.thriftbooks.com/api/imagehandler/m/0B1268C89A04046ECE8C7A38D11C7B90EC650A27.jpeg', 20, 1, 'Available'),
 (1, 28000.00, 'https://i.thriftbooks.com/api/imagehandler/m/A44133F3CAB2DF9FE3DE40D27A54DF1198B431F7.jpeg', 20, 1, 'Available'),
 (1, 28000.00, 'https://i.thriftbooks.com/api/imagehandler/m/9331EB41F0B4641A491F03F1009EE8CA3A568BF6.jpeg', 20, 1, 'Available'),
 (1, 28000.00, 'https://i.thriftbooks.com/api/imagehandler/m/9614AD1AC12773F1991A3E6A8C3F23D274162FF0.jpeg', 20, 1, 'Available'),
 (1, 28000.00, 'https://i.thriftbooks.com/api/imagehandler/m/B1769A2B3D11D8A68C9376FE215DB1229D4A87CD.jpeg', 20, 1, 'Available'),
 (1, 28000.00, 'https://i.thriftbooks.com/api/imagehandler/m/0BE5D359CCA87C15BF2FCE6321C5131F6EDED296.jpeg', 20, 1, 'Available'),
 (1, 28000.00, 'https://i.thriftbooks.com/api/imagehandler/m/EAF3D8C3F46DABDC58A4AF96C6F3E15C274BE901.jpeg', 20, 1, 'Available'),
 (1, 28000.00, 'https://m.media-amazon.com/images/I/41vFGZWeF1L._SL350_.jpg', 20, 1, 'Available'),
 (1, 28000.00, 'https://i.thriftbooks.com/api/imagehandler/m/11E542C98571A72022204C13D3A5C208675F4DEB.jpeg', 20, 1, 'Available'),
 (1, 45000.00, 'https://i.thriftbooks.com/api/imagehandler/m/5D726F50DDC3D89A991DBA023BC83B0652292CDE.jpeg', 20, 1, 'Available'),
 (1, 45000.00, 'https://i.thriftbooks.com/api/imagehandler/m/8581F751F89D4126FA11465C74613D6E3E65C5ED.jpeg', 20, 1, 'Available'),
 (1, 45000.00, 'https://i.thriftbooks.com/api/imagehandler/m/43532DE8F754595A4046A6E5171A92214C7270BC.jpeg', 20, 1, 'Available'),
 (1, 45000.00, 'https://i.thriftbooks.com/api/imagehandler/m/19A1CD57A9E90D94C36C36865E33AFC2C8968A9C.jpeg', 20, 1, 'Available'),
 (1, 45000.00, 'https://i.thriftbooks.com/api/imagehandler/m/6BA117E474EB0E7EBA061DBBB7A42788500F9720.jpeg', 20, 1, 'Available'),
 (1, 45000.00, 'https://m.media-amazon.com/images/I/51VxlWiEV6L._SL350_.jpg', 20, 1, 'Available'),
 (1, 45000.00, 'https://i.thriftbooks.com/api/imagehandler/m/9B6BCFE765E61830FBDECFAF9FC44D2C78EC5C33.jpeg', 20, 1, 'Available'),
 (1, 45000.00, 'https://m.media-amazon.com/images/I/41WwFVpVqYL._SL350_.jpg', 20, 1, 'Available'),
 (1, 45000.00, 'https://m.media-amazon.com/images/I/415K3VeI3zL._SL350_.jpg', 20, 1, 'Available'),
 (1, 45000.00, 'https://i.thriftbooks.com/api/imagehandler/m/023867F0DEECF611A3559599C541E1AD63CF5D83.jpeg', 20, 1, 'Available'),
 (1, 45000.00, 'https://i.thriftbooks.com/api/imagehandler/m/1B05E4E9AAB5D82945CFD09FA8CF183B5D362C59.jpeg', 20, 1, 'Available'),
 (1, 50000.00, 'https://m.media-amazon.com/images/I/51j1QOp9HDL._SL350_.jpg', 20, 1, 'Available'),
 (1, 50000.00, 'https://i.thriftbooks.com/api/imagehandler/m/07B8F021C7DAF03309E64D835B57F7D302EAA356.jpeg', 20, 1, 'Available'),
 (1, 50000.00, 'https://m.media-amazon.com/images/I/41CvVqQc1rL._SL350_.jpg', 20, 1, 'Available'),
 (1, 50000.00, 'https://i.thriftbooks.com/api/imagehandler/m/75FE6479828D1FD512112E6BC72616C15A916F8A.jpeg', 20, 1, 'Available'),
 (1, 50000.00, 'https://i.thriftbooks.com/api/imagehandler/m/6C97B3AE002A6C11602F4836F0608736D3F491A7.jpeg', 20, 1, 'Available'),
 (1, 50000.00, 'https://m.media-amazon.com/images/I/51eh8vvmLgL._SL350_.jpg', 20, 1, 'Available'),
 (1, 50000.00, 'https://m.media-amazon.com/images/I/51tyqkni6TL._SL350_.jpg', 20, 1, 'Available'),
 (1, 50000.00, 'https://i.thriftbooks.com/api/imagehandler/m/A93C55DAD9B3477DE48D8AD98C6C359B8715F8F0.jpeg', 20, 1, 'Available'),
 (1, 50000.00, 'https://i.thriftbooks.com/api/imagehandler/m/214DBABE624905D78294C607D60BDAD4D4BECF78.jpeg', 20, 1, 'Available'),
 (1, 50000.00, 'https://i.thriftbooks.com/api/imagehandler/m/EC750487279AE408A7F60A0FA35320DA13F4A368.jpeg', 20, 1, 'Available'),
 (1, 50000.00, 'https://i.thriftbooks.com/api/imagehandler/m/E031F0DF26798104A92AF5665DB697AE08FBD794.jpeg', 20, 1, 'Available'),
 (1, 30000.00, 'https://m.media-amazon.com/images/I/312G47Q3crL._SL350_.jpg', 20, 1, 'Available'),
 (1, 30000.00, 'https://i.thriftbooks.com/api/imagehandler/m/6C73B9B9CA03AF8A3C3E2B68E08FDAF6B148A51D.jpeg', 20, 1, 'Available'),
 (1, 30000.00, 'https://i.thriftbooks.com/api/imagehandler/m/E265F9A1A90C38EB31C63F126F2B54B505EA6B25.jpeg', 20, 1, 'Available'),
 (1, 30000.00, 'https://i.thriftbooks.com/api/imagehandler/m/6E6CC9F25A2DA7317CFC27E4A0B04FE3CE044C7F.jpeg', 20, 1, 'Available'),
 (1, 30000.00, 'https://m.media-amazon.com/images/I/517hKA0dphL._SL350_.jpg', 20, 1, 'Available'),
 (1, 30000.00, 'https://i.thriftbooks.com/api/imagehandler/m/58BD0E674F5A6F39C5618DDEBDEF355150950BE6.jpeg', 20, 1, 'Available'),
 (1, 30000.00, 'https://m.media-amazon.com/images/I/41BPcYr4DXL._SL350_.jpg', 20, 1, 'Available'),
 (1, 30000.00, 'https://i.thriftbooks.com/api/imagehandler/m/D5D2D2B93F68AB2F2842AEA5B346B9F68ABCF557.jpeg', 20, 1, 'Available'),
 (1, 30000.00, 'https://i.thriftbooks.com/api/imagehandler/m/7A5E2043F3D39C665AD69F92F19ACF7F5652A483.jpeg', 20, 1, 'Available'),
 (1, 30000.00, 'https://i.thriftbooks.com/api/imagehandler/m/73F6ABC1D2CE52CA246910BCA77E5B5FB55518FF.jpeg', 20, 1, 'Available'),
 (1, 30000.00, 'https://i.thriftbooks.com/api/imagehandler/m/6430476ED51359C0698B9BCD07F3FE91F2C8B603.jpeg', 20, 1, 'Available'),
 (1, 35000.00, 'https://m.media-amazon.com/images/I/41p8jZ3oI5L._SL350_.jpg', 20, 1, 'Available'),
 (1, 35000.00, 'https://i.thriftbooks.com/api/imagehandler/m/6464A4A92834F65A45CAFAF7F692020975E83128.jpeg', 20, 1, 'Available'),
 (1, 35000.00, 'https://m.media-amazon.com/images/I/41KeO5a8mlL._SL350_.jpg', 20, 1, 'Available'),
 (1, 35000.00, 'https://m.media-amazon.com/images/I/41Xp9GTW3uL._SL350_.jpg', 20, 1, 'Available'),
 (1, 35000.00, 'https://i.thriftbooks.com/api/imagehandler/m/EB47CE247C286F7FDF2AAC07833CC8098FE66C0C.jpeg', 20, 1, 'Available'),
 (1, 35000.00, 'https://m.media-amazon.com/images/I/51rxdTIFlHL._SL350_.jpg', 20, 1, 'Available'),
 (1, 35000.00, 'https://i.thriftbooks.com/api/imagehandler/m/3FD47538A31C6559ADD97B24109CCA1091824B11.jpeg', 20, 1, 'Available'),
 (1, 35000.00, 'https://m.media-amazon.com/images/I/41ycFONfMqL._SL350_.jpg', 20, 1, 'Available'),
 (1, 35000.00, 'https://i.thriftbooks.com/api/imagehandler/m/D25ED0D198222DF32160CD9B8AA19F83639FF458.jpeg', 20, 1, 'Available'),
 (1, 35000.00, 'https://i.thriftbooks.com/api/imagehandler/m/F890AF75FB66B25E9F8ADE1002761644B4058F27.jpeg', 20, 1, 'Available'),
 (1, 35000.00, 'https://i.thriftbooks.com/api/imagehandler/m/1B864F86AB351BC806AB03DEF0B15FEA4F91514F.jpeg', 20, 1, 'Available'),
 (1, 48000.00, 'https://i.thriftbooks.com/api/imagehandler/m/DDD3A8B565E2ADA390C1B8DD0F7C5C60B6FB2363.jpeg', 20, 1, 'Available'),
 (1, 48000.00, 'https://i.thriftbooks.com/api/imagehandler/m/676CC0B817788BBEB73D98BBDAFFA38239D4AC17.jpeg', 20, 1, 'Available'),
 (1, 48000.00, 'https://i.thriftbooks.com/api/imagehandler/m/50A213B2CEA3AED8DB90AAC9A7A69F454378B21F.jpeg', 20, 1, 'Available'),
 (1, 48000.00, 'https://i.thriftbooks.com/api/imagehandler/m/8F85DA58D760E99B4B6A9448A94CCD8D35C63E8A.jpeg', 20, 1, 'Available'),
 (1, 48000.00, 'https://m.media-amazon.com/images/I/41T4GLe+mcL._SL350_.jpg', 20, 1, 'Available'),
 (1, 48000.00, 'https://i.thriftbooks.com/api/imagehandler/m/F090409A3B6860CE4747A316B5C19F6F6DEA75D6.jpeg', 20, 1, 'Available'),
 (1, 48000.00, 'https://i.thriftbooks.com/api/imagehandler/m/9008969B4261815CA40D2A20FCC383FAF796F0AB.jpeg', 20, 1, 'Available'),
 (1, 48000.00, 'https://i.thriftbooks.com/api/imagehandler/m/483CC1F05377B09CF9FB5970B3F3873F40D15CA5.jpeg', 20, 1, 'Available'),
 (1, 48000.00, 'https://i.thriftbooks.com/api/imagehandler/m/1F970562918AB7167795FC66EA5039B73B43C236.jpeg', 20, 1, 'Available'),
 (1, 48000.00, 'https://i.thriftbooks.com/api/imagehandler/m/5165C026713C67F5AF138741F2FFC91FA9307988.jpeg', 20, 1, 'Available'),
 (1, 48000.00, 'https://i.thriftbooks.com/api/imagehandler/m/42555AC693BC1ACC1918D7717F0874F4ED63DDAE.jpeg', 20, 1, 'Available'),
 (1, 50000.00, 'https://i.thriftbooks.com/api/imagehandler/m/D3B08F8C872CFA1418D21E9728F34230084014A1.jpeg', 20, 1, 'Available'),
 (1, 50000.00, 'https://i.thriftbooks.com/api/imagehandler/m/5E0B768EA7C7AAC9CB9FCFFDF4F2889C1E923ACE.jpeg', 20, 1, 'Available'),
 (1, 50000.00, 'https://m.media-amazon.com/images/I/410hiaPGyCL._SL350_.jpg', 20, 1, 'Available'),
 (1, 50000.00, 'https://i.thriftbooks.com/api/imagehandler/m/CF16785686872C2905CC886FA67EFCA408C2E8B5.jpeg', 20, 1, 'Available'),
 (1, 50000.00, 'https://i.thriftbooks.com/api/imagehandler/m/AF8C30F66AD64E91D52B172CA4A12BCDA04E198D.jpeg', 20, 1, 'Available'),
 (1, 50000.00, 'https://i.thriftbooks.com/api/imagehandler/m/40C2DEC39F8B2FAE801D872FB3884E78A31C8989.jpeg', 20, 1, 'Available'),
 (1, 50000.00, 'https://i.thriftbooks.com/api/imagehandler/m/32DAE6145906F8F411C531106FA1002781230D9D.jpeg', 20, 1, 'Available'),
 (1, 50000.00, 'https://i.thriftbooks.com/api/imagehandler/m/EB8B2290835C75AEA30B79920454CA792549C269.jpeg', 20, 1, 'Available'),
 (1, 50000.00, 'https://i.thriftbooks.com/api/imagehandler/m/D8CBD97101BA06E76F620549310C3B488F193B83.jpeg', 20, 1, 'Available'),
 (1, 50000.00, 'https://m.media-amazon.com/images/I/51zrhtgDpEL._SL350_.jpg', 20, 1, 'Available'),
 (1, 50000.00, 'https://i.thriftbooks.com/api/imagehandler/m/CF392A7714FD60BB67102CCD999E9AFFAA52A54D.jpeg', 20, 1, 'Available'),
 (1, 50000.00, 'https://i.thriftbooks.com/api/imagehandler/m/43EC12ED1D82C6FB3C9C2E5846B4565EA79FABF4.jpeg', 20, 1, 'Available'),
 (1, 50000.00, 'https://i.thriftbooks.com/api/imagehandler/m/A905D43C9C40814ECE470726E152900BDBF64FF4.jpeg', 20, 1, 'Available'),
 (1, 50000.00, 'https://i.thriftbooks.com/api/imagehandler/m/863676700E627CB4B25AC81B021F07DC0D976184.jpeg', 20, 1, 'Available'),
 (1, 50000.00, 'https://m.media-amazon.com/images/I/41PFrhkQzSL._SL350_.jpg', 20, 1, 'Available'),
 (1, 50000.00, 'https://i.thriftbooks.com/api/imagehandler/m/59261BDB06C2CBDDC3318A47A2E0A6FC90A0BD15.jpeg', 20, 1, 'Available'),
 (1, 50000.00, 'https://m.media-amazon.com/images/I/512OwlwYcxL._SL350_.jpg', 20, 1, 'Available'),
 (1, 50000.00, 'https://i.thriftbooks.com/api/imagehandler/m/DE1C4F8A7C65DED4BB274519152252EAE871C5A0.jpeg', 20, 1, 'Available'),
 (1, 50000.00, 'https://i.thriftbooks.com/api/imagehandler/m/54868AF6AF465694BD3569CD2ED4CBB03B4C50C4.jpeg', 20, 1, 'Available'),
 (1, 25000.00, 'https://m.media-amazon.com/images/I/51syyh9LKtL._SL350_.jpg', 20, 1, 'Available'),
 (1, 25000.00, 'https://i.thriftbooks.com/api/imagehandler/m/9A6EC92576A697FD98FC3E6515129D0FEAB37D19.jpeg', 20, 1, 'Available'),
 (1, 25000.00, 'https://i.thriftbooks.com/api/imagehandler/m/6CD6967EAA4CF396F16E11589C067CC586739986.jpeg', 20, 1, 'Available'),
 (1, 25000.00, 'https://m.media-amazon.com/images/I/41c1g+ymj6L._SL350_.jpg', 20, 1, 'Available'),
 (1, 25000.00, 'https://i.thriftbooks.com/api/imagehandler/m/EB14A97C95CE6A9614845A6AA76A610F1FF7FE18.jpeg', 20, 1, 'Available'),
 (1, 25000.00, 'https://i.thriftbooks.com/api/imagehandler/m/5882A2AA9B315C7404F3517B0DC7DD0D1D0D7F61.jpeg', 20, 1, 'Available'),
 (1, 25000.00, 'https://i.thriftbooks.com/api/imagehandler/m/8FDABC77EBA6D6844401543991FC3A708CA66774.jpeg', 20, 1, 'Available'),
 (1, 25000.00, 'https://i.thriftbooks.com/api/imagehandler/m/C51F2ED6A6F25BD5EA774EC5C1B1B89346546D02.jpeg', 20, 1, 'Available'),
 (1, 25000.00, 'https://i.thriftbooks.com/api/imagehandler/m/62C5E7D50F440DB2F8252274DBD179ADD31FB639.jpeg', 20, 1, 'Available'),
 (1, 25000.00, 'https://m.media-amazon.com/images/I/41i0dAghaYL._SL350_.jpg', 20, 1, 'Available'),
 (1, 25000.00, 'https://i.thriftbooks.com/api/imagehandler/m/B0FC4AFEC03B40D8F0A6FEB2F333EC5E7B2EE9F0.jpeg', 20, 1, 'Available'),
 (1, 25000.00, 'https://i.thriftbooks.com/api/imagehandler/m/23DF70ED75142D19761E303148E500FDA55C775A.jpeg', 20, 1, 'Available'),
 (1, 25000.00, 'https://i.thriftbooks.com/api/imagehandler/m/BE82421367B4FF7DAC5D0838679EF5B6E419B6C2.jpeg', 20, 1, 'Available'),
 (1, 25000.00, 'https://i.thriftbooks.com/api/imagehandler/m/A2FE8AC37FA542119442C3CEC5DCD890D24EEE27.jpeg', 20, 1, 'Available'),
 (1, 25000.00, 'https://i.thriftbooks.com/api/imagehandler/m/D3714E9D076249D8DE086C1883B612F1BBD517A0.jpeg', 20, 1, 'Available'),
 (1, 25000.00, 'https://i.thriftbooks.com/api/imagehandler/m/368B8ECD7D01D7101FCEAD910F29425647897A5D.jpeg', 20, 1, 'Available'),
 (1, 25000.00, 'https://i.thriftbooks.com/api/imagehandler/m/2A3159BC331395885A4B35A5107E4795A182F53C.jpeg', 20, 1, 'Available'),
 (1, 25000.00, 'https://i.thriftbooks.com/api/imagehandler/m/45780573411B41628D8CE9D2D7FF7D31A063804E.jpeg', 20, 1, 'Available'),
 (1, 25000.00, 'https://i.thriftbooks.com/api/imagehandler/m/8BE618256CEDBE51DE98CF04050A4BB9A9B64A13.jpeg', 20, 1, 'Available'),
 (1, 25000.00, 'https://i.thriftbooks.com/api/imagehandler/m/D1C8A9DA1A7C75CA4C197C428C3B9E0FFCE1775E.jpeg', 20, 1, 'Available'),
 (1, 35000.00, 'https://i.thriftbooks.com/api/imagehandler/m/050610AB1062837D86B24D1B839A97DB771E8C51.jpeg', 20, 1, 'Available'),
 (1, 35000.00, 'https://i.thriftbooks.com/api/imagehandler/m/2051BB191F1A1126F022CC7819719A79B0D4AE33.jpeg', 20, 1, 'Available'),
 (1, 35000.00, 'https://i.thriftbooks.com/api/imagehandler/m/348B3020FE8D8C534DFD6C73ACCBD3B519FAD9C3.jpeg', 20, 1, 'Available'),
 (1, 35000.00, 'https://i.thriftbooks.com/api/imagehandler/m/11FAC917D50D9FF261AF19CDF1CBB79109578094.jpeg', 20, 1, 'Available'),
 (1, 35000.00, 'https://i.thriftbooks.com/api/imagehandler/m/4CF37C95B231606BF1955A024BC05C8B5E5EAB31.jpeg', 20, 1, 'Available'),
 (1, 35000.00, 'https://i.thriftbooks.com/api/imagehandler/m/F9EC7C06AD2804D54F22521DCEBAE470B14BDA33.jpeg', 20, 1, 'Available'),
 (1, 35000.00, 'https://i.thriftbooks.com/api/imagehandler/m/1B740C60B6DE6A23957ED1BCDC72BD67284B3718.jpeg', 20, 1, 'Available'),
 (1, 35000.00, 'https://i.thriftbooks.com/api/imagehandler/m/DDF1541BABA04B3F75C5E7F4B15CDBD1921A3661.jpeg', 20, 1, 'Available'),
 (1, 35000.00, 'https://i.thriftbooks.com/api/imagehandler/m/D0FBE494F742CC0A0FBE228CCCAB4C029D907AC6.jpeg', 20, 1, 'Available'),
 (1, 35000.00, 'https://m.media-amazon.com/images/I/41oJfEKqVuL._SL350_.jpg', 20, 1, 'Available'),
 (1, 35000.00, 'https://m.media-amazon.com/images/I/51Bv1jO5LEL._SL350_.jpg', 20, 1, 'Available'),
 (1, 35000.00, 'https://i.thriftbooks.com/api/imagehandler/m/DEB0C939160965415E877F486EAE49CB260D6077.jpeg', 20, 1, 'Available'),
 (1, 35000.00, 'https://i.thriftbooks.com/api/imagehandler/m/1249958A3BC00FEDF6271AEEB8479AB612AA3F75.jpeg', 20, 1, 'Available'),
 (1, 35000.00, 'https://i.thriftbooks.com/api/imagehandler/m/A4B0218FDA6DF580503C4C9EF5D38B6EE678025C.jpeg', 20, 1, 'Available'),
 (1, 35000.00, 'https://i.thriftbooks.com/api/imagehandler/m/49E658FE9FEBBE922614CF5E99104973C9A851C9.jpeg', 20, 1, 'Available'),
 (1, 35000.00, 'https://i.thriftbooks.com/api/imagehandler/m/5D05B9BE6273B007FF2508A410E7332A2AF423C6.jpeg', 20, 1, 'Available'),
 (1, 35000.00, 'https://i.thriftbooks.com/api/imagehandler/m/3BA2C594B0B23C8A8A40867CD1B97134F04F7DD4.jpeg', 20, 1, 'Available'),
 (1, 35000.00, 'https://i.thriftbooks.com/api/imagehandler/m/20CEA7C56B4A09B2F85E8A2E5A05135337BD7006.jpeg', 20, 1, 'Available'),
 (1, 35000.00, 'https://i.thriftbooks.com/api/imagehandler/m/D8CC93E69212DC3E5179E9E2E1CA3509680AF4C3.jpeg', 20, 1, 'Available'),
 (1, 35000.00, 'https://i.thriftbooks.com/api/imagehandler/m/FCC523520F826C6444758BD70BA1A9F7DE703150.jpeg', 20, 1, 'Available'),
 (1, 40000.00, 'https://i.thriftbooks.com/api/imagehandler/m/95BAAB566CA659E78A09BA50BCCE7633C2275F28.jpeg', 20, 1, 'Available'),
 (1, 40000.00, 'https://i.thriftbooks.com/api/imagehandler/m/DF6D198C284C185FE26141CA0F45DF4CE9B25427.jpeg', 20, 1, 'Available'),
 (1, 40000.00, 'https://i.thriftbooks.com/api/imagehandler/m/1507ED8188C96C977484871473304C176A9E43C6.jpeg', 20, 1, 'Available'),
 (1, 40000.00, 'https://i.thriftbooks.com/api/imagehandler/m/0D66BFC6A5944BB46F405D1A5D9A79068F58E358.jpeg', 20, 1, 'Available'),
 (1, 40000.00, 'https://i.thriftbooks.com/api/imagehandler/m/70364CC0D203C61C8A69B32F974A31E5A4A4758E.jpeg', 20, 1, 'Available'),
 (1, 40000.00, 'https://i.thriftbooks.com/api/imagehandler/m/BF8ABEC3DB17E3472B73E17E1552C01C327BB221.jpeg', 20, 1, 'Available'),
 (1, 40000.00, 'https://i.thriftbooks.com/api/imagehandler/m/37C6BA526250E20E6F5657C0E31F439328F47E6A.jpeg', 20, 1, 'Available'),
 (1, 40000.00, 'https://i.thriftbooks.com/api/imagehandler/m/504E65D6A15EE5B77C5169259E3F4154961BB01F.jpeg', 20, 1, 'Available'),
 (1, 40000.00, 'https://i.thriftbooks.com/api/imagehandler/m/E9B180DD5BEF5AFA799E535BBC83CBB0408D8DE0.jpeg', 20, 1, 'Available'),
 (1, 40000.00, 'https://i.thriftbooks.com/api/imagehandler/m/78ADAAE37FF44B4BC534CAB7775468124545F646.jpeg', 20, 1, 'Available'),
 (1, 40000.00, 'https://i.thriftbooks.com/api/imagehandler/m/2C0D048F6D138D2531AB6CFB1A8DEE3F9DDE52A5.jpeg', 20, 1, 'Available'),
 (1, 40000.00, 'https://i.thriftbooks.com/api/imagehandler/m/FC77F471F909E4EA9594CFE14D2883FB42C90EE2.jpeg', 20, 1, 'Available'),
 (1, 40000.00, 'https://i.thriftbooks.com/api/imagehandler/m/D761A4AEC9EAED08D7723583BD8D22C9C7F88726.jpeg', 20, 1, 'Available'),
 (1, 40000.00, 'https://i.thriftbooks.com/api/imagehandler/m/4F22376647993405BFE1BFF9BCC3705B7671B29C.jpeg', 20, 1, 'Available'),
 (1, 40000.00, 'https://i.thriftbooks.com/api/imagehandler/m/CF855860D9B3FC753A9FB04130A4520EC99D29D5.jpeg', 20, 1, 'Available'),
 (1, 40000.00, 'https://m.media-amazon.com/images/I/41VZ4qN+W8L._SL350_.jpg', 20, 1, 'Available'),
 (1, 40000.00, 'https://i.thriftbooks.com/api/imagehandler/m/629F5DA60A5C760547E58D485719BD6B3531C67C.jpeg', 20, 1, 'Available'),
 (1, 40000.00, 'https://i.thriftbooks.com/api/imagehandler/m/59A98B20A5D648549135610AA2A3459AAEE8F860.jpeg', 20, 1, 'Available'),
 (1, 40000.00, 'https://i.thriftbooks.com/api/imagehandler/m/F22F0FFB24E93880CCE5145CA26BFDED6BA1457A.jpeg', 20, 1, 'Available'),
 (1, 40000.00, 'https://i.thriftbooks.com/api/imagehandler/m/993A41711491086DC26D93ECE95079CD31847333.jpeg', 20, 1, 'Available'),
 (1, 40000.00, 'https://m.media-amazon.com/images/I/51NNN5yKYHL._SL350_.jpg', 20, 1, 'Available'),
 (1, 45000.00, 'https://i.thriftbooks.com/api/imagehandler/m/DC37BA23A2EC7B87974D172B1134E6F31AD59D71.jpeg', 20, 1, 'Available'),
 (1, 45000.00, 'https://i.thriftbooks.com/api/imagehandler/m/33F8069394D78AFD8529D7C4117A7D2F9DF68533.jpeg', 20, 1, 'Available'),
 (1, 45000.00, 'https://m.media-amazon.com/images/I/61APhXCksuL._SL350_.jpg', 20, 1, 'Available'),
 (1, 45000.00, 'https://i.thriftbooks.com/api/imagehandler/m/FFF9FA98A44A856E0C59F8BF54A134D9BDDD9CA1.jpeg', 20, 1, 'Available'),
 (1, 45000.00, 'https://i.thriftbooks.com/api/imagehandler/m/0EB1A59AF75B2ED23F044E44C95749F3565C9B27.jpeg', 20, 1, 'Available'),
 (1, 45000.00, 'https://i.thriftbooks.com/api/imagehandler/m/FF9522CD5AB74AE0A1E83F68C2FD72E034434F69.jpeg', 20, 1, 'Available'),
 (1, 45000.00, 'https://i.thriftbooks.com/api/imagehandler/m/B687C4162A1C072175986DAA0E53625D2BD09B27.jpeg', 20, 1, 'Available'),
 (1, 45000.00, 'https://i.thriftbooks.com/api/imagehandler/m/116B86E69007A0C28D0924459083A26A34828EDB.jpeg', 20, 1, 'Available'),
 (1, 45000.00, 'https://m.media-amazon.com/images/I/51+YR87NuKL._SL350_.jpg', 20, 1, 'Available'),
 (1, 45000.00, 'https://i.thriftbooks.com/api/imagehandler/m/82139875D435740946455C589E2257EFAE81652A.jpeg', 20, 1, 'Available'),
 (1, 45000.00, 'https://i.thriftbooks.com/api/imagehandler/m/737389AC8DC7987C086D8F1A857571A7B7F0A807.jpeg', 20, 1, 'Available'),
 (1, 45000.00, 'https://i.thriftbooks.com/api/imagehandler/m/C0CB43194735C1EFB788AF71F40155AD98443AF7.jpeg', 20, 1, 'Available'),
 (1, 45000.00, 'https://i.thriftbooks.com/api/imagehandler/m/81664A623FBBF56A833758683D9B399EC51F4679.jpeg', 20, 1, 'Available'),
 (1, 45000.00, 'https://i.thriftbooks.com/api/imagehandler/m/0ECB4D8D6AC1D1B688A910D5E17A32D8FB88297B.jpeg', 20, 1, 'Available'),
 (1, 45000.00, 'https://i.thriftbooks.com/api/imagehandler/m/4E2EB5CCB4C6B5D6E2ECF2CF53970D33AAED6B22.jpeg', 20, 1, 'Available'),
 (1, 45000.00, 'https://i.thriftbooks.com/api/imagehandler/m/3AF5E5AD01A3BC87DD2A5113688EB977C995E74C.jpeg', 20, 1, 'Available'),
 (1, 45000.00, 'https://i.thriftbooks.com/api/imagehandler/m/33399FD3714071D5BA75F5CE38AE24AB7CC8CC3C.jpeg', 20, 1, 'Available'),
 (1, 45000.00, 'https://i.thriftbooks.com/api/imagehandler/m/D360B79A62F3EB43D82663852F3F90E9783CDA14.jpeg', 20, 1, 'Available'),
 (1, 45000.00, 'https://i.thriftbooks.com/api/imagehandler/m/4AF8CC8335850EC6A3D3D23AA7D44AC148BD4997.jpeg', 20, 1, 'Available'),
 (1, 45000.00, 'https://i.thriftbooks.com/api/imagehandler/m/94FFBE2C0ABCCB88DAF0126CBF6973C38018770C.jpeg', 20, 1, 'Available'),
 (1, 20000.00, 'https://i.thriftbooks.com/api/imagehandler/m/C4CCF9533596C1094C338DA2E5DE36B23AB31B2B.jpeg', 20, 1, 'Available'),
 (1, 20000.00, 'https://i.thriftbooks.com/api/imagehandler/m/331C1FFF614C72173513A087D9110B089E89BDF5.jpeg', 20, 1, 'Available'),
 (1, 20000.00, 'https://i.thriftbooks.com/api/imagehandler/m/961B27FD38C0B69BD6218A7F9FADE209299C0CE8.jpeg', 20, 1, 'Available'),
 (1, 20000.00, 'https://i.thriftbooks.com/api/imagehandler/m/E38D007CF1587E90B7C420484CC14A20E46FB92A.jpeg', 20, 1, 'Available'),
 (1, 20000.00, 'https://i.thriftbooks.com/api/imagehandler/m/F76CB0F90421AE004E76358D6BB1DA521CD8D1C1.jpeg', 20, 1, 'Available'),
 (1, 20000.00, 'https://i.thriftbooks.com/api/imagehandler/m/994F8448DEEA654E63009A9D5FE1A3F12A4FFD98.jpeg', 20, 1, 'Available'),
 (1, 20000.00, 'https://i.thriftbooks.com/api/imagehandler/m/0FA55E1FDB25407604C1277EBA7995C74D577231.jpeg', 20, 1, 'Available'),
 (1, 20000.00, 'https://i.thriftbooks.com/api/imagehandler/m/849F799A13B52E25D228F82A00874F7592E3DD43.jpeg', 20, 1, 'Available'),
 (1, 20000.00, 'https://i.thriftbooks.com/api/imagehandler/m/69C05C541D4CAAC247FE144FDD630EA729CB5F8F.jpeg', 20, 1, 'Available'),
 (1, 20000.00, 'https://i.thriftbooks.com/api/imagehandler/m/9D148037EE29A7D64264EC659B562D4B8B731B1F.jpeg', 20, 1, 'Available'),
 (1, 20000.00, 'https://i.thriftbooks.com/api/imagehandler/m/15E579D48E47E8046639A40A2703B5C4F7E32AF2.jpeg', 20, 1, 'Available'),
 (1, 20000.00, 'https://i.thriftbooks.com/api/imagehandler/m/0169250CDD7DDE328669E8A53DE0DD11CEDDDD90.jpeg', 20, 1, 'Available'),
 (1, 20000.00, 'https://i.thriftbooks.com/api/imagehandler/m/171C5CF2D1576069B3B1E5F65E76ECEA987BDA87.jpeg', 20, 1, 'Available'),
 (1, 20000.00, 'https://i.thriftbooks.com/api/imagehandler/m/8429249AB0B46B61BC21F195EAA4492D02BCAF02.jpeg', 20, 1, 'Available'),
 (1, 20000.00, 'https://i.thriftbooks.com/api/imagehandler/m/9ABDEA45B7B724CE9B58BE1224A5AB6F2AC53F8F.jpeg', 20, 1, 'Available'),
 (1, 20000.00, 'https://i.thriftbooks.com/api/imagehandler/m/B852D9E35B1ADF0FE39219EC9F87287F89123D01.jpeg', 20, 1, 'Available'),
 (1, 20000.00, 'https://i.thriftbooks.com/api/imagehandler/m/153D1B2902D62810B7B5A34689AF8137E1DBDCAA.jpeg', 20, 1, 'Available'),
 (1, 20000.00, 'https://i.thriftbooks.com/api/imagehandler/m/EC83DE9C6725A1FD12706BDCB0DFB7B1D4C0DC43.jpeg', 20, 1, 'Available'),
 (1, 20000.00, 'https://i.thriftbooks.com/api/imagehandler/m/3F6313C3DCFF1571C4423E3834A95CD9EFBA4E23.jpeg', 20, 1, 'Available'),
 (1, 20000.00, 'https://i.thriftbooks.com/api/imagehandler/m/6A83354633ED86352EE629C287416F20108972B3.jpeg', 20, 1, 'Available'),
 (1, 20000.00, 'https://m.media-amazon.com/images/I/41y4crBLVPL._SL350_.jpg', 20, 1, 'Available'),
 (1, 60000.00, 'https://m.media-amazon.com/images/I/51a4IZWxWvL._SL350_.jpg', 20, 1, 'Available'),
 (1, 60000.00, 'https://i.thriftbooks.com/api/imagehandler/m/67336FF8F231EB1ED32CA548E49F16AD2E554641.jpeg', 20, 1, 'Available'),
 (1, 60000.00, 'https://i.thriftbooks.com/api/imagehandler/m/D5FB75DA3AB55B0318878B19EADE46E2150F64C2.jpeg', 20, 1, 'Available'),
 (1, 60000.00, 'https://i.thriftbooks.com/api/imagehandler/m/2B54DF543FC69388F1E74BEABAEC60F0D420A43B.jpeg', 20, 1, 'Available'),
 (1, 60000.00, 'https://i.thriftbooks.com/api/imagehandler/m/B5FA7487E8CABA7BF90D7CFC3AB04295F99C3E97.jpeg', 20, 1, 'Available'),
 (1, 60000.00, 'https://i.thriftbooks.com/api/imagehandler/m/4712607C26ABB10FD057403128C9348F9CFF3752.jpeg', 20, 1, 'Available'),
 (1, 60000.00, 'https://i.thriftbooks.com/api/imagehandler/m/6A354F8C2B4C9F28FFBFEA110EF36D8A6F5F52BE.jpeg', 20, 1, 'Available'),
 (1, 60000.00, 'https://i.thriftbooks.com/api/imagehandler/m/D77447E305EE52B92CF4BBD148D27F7A147A68A5.jpeg', 20, 1, 'Available'),
 (1, 60000.00, 'https://i.thriftbooks.com/api/imagehandler/m/C4ECB115DB431499268451025A80B96F272488EF.jpeg', 20, 1, 'Available'),
 (1, 60000.00, 'https://i.thriftbooks.com/api/imagehandler/m/C1482A4CD5963C6AE5870A2601829A2B14C66FEC.jpeg', 20, 1, 'Available'),
 (1, 60000.00, 'https://i.thriftbooks.com/api/imagehandler/m/3A97249792434FEEF824CD5DFEFB111A1D068880.jpeg', 20, 1, 'Available'),
 (1, 60000.00, 'https://i.thriftbooks.com/api/imagehandler/m/C9FCFDC69EB427AC9AB0EFDCF83BA593074BBB29.jpeg', 20, 1, 'Available'),
 (1, 60000.00, 'https://i.thriftbooks.com/api/imagehandler/m/C9578545E9C0A0DE3FFCB4CAA7A7F91E4C69A34F.jpeg', 20, 1, 'Available'),
 (1, 60000.00, 'https://i.thriftbooks.com/api/imagehandler/m/88705B02FDE92BF8E46DD02BB4C6CBF00B654F14.jpeg', 20, 1, 'Available'),
 (1, 60000.00, 'https://i.thriftbooks.com/api/imagehandler/m/F13E39740DA37BC5A37BC925F572920468D9A624.jpeg', 20, 1, 'Available'),
 (1, 60000.00, 'https://i.thriftbooks.com/api/imagehandler/m/73A03D4988B99B62C4AB825AC15B9F38A8497118.jpeg', 20, 1, 'Available'),
 (1, 60000.00, 'https://m.media-amazon.com/images/I/416wBssefJL._SL350_.jpg', 20, 1, 'Available'),
 (1, 60000.00, 'https://m.media-amazon.com/images/I/51QLVSQtLuL._SL350_.jpg', 20, 1, 'Available'),
 (1, 60000.00, 'https://i.thriftbooks.com/api/imagehandler/m/3C8525884F5DF6DFE1BBAC029F66775F7CA73E30.jpeg', 20, 1, 'Available'),
 (1, 60000.00, 'https://m.media-amazon.com/images/I/41ft4JDUjsL._SL350_.jpg', 20, 1, 'Available'),
 (1, 60000.00, 'https://i.thriftbooks.com/api/imagehandler/m/92C9C7C0D3EAA68472F819F81B005579F2C6593C.jpeg', 20, 1, 'Available'),
 (1, 80000.00, 'https://i.thriftbooks.com/api/imagehandler/m/D909705BD95D74B9B8576BE66F51A45E0995CB26.jpeg', 20, 1, 'Available'),
 (1, 80000.00, 'https://i.thriftbooks.com/api/imagehandler/m/F474CE336B28072FDFEDFFF95677DD11CF2640A4.jpeg', 20, 1, 'Available'),
 (1, 80000.00, 'https://i.thriftbooks.com/api/imagehandler/m/66C410213D59C87CB406B932C9CDF5E328D427AA.jpeg', 20, 1, 'Available'),
 (1, 80000.00, 'https://i.thriftbooks.com/api/imagehandler/m/562713982B25FCB494E7B2C7EFF6D09996C86BDE.jpeg', 20, 1, 'Available'),
 (1, 80000.00, 'https://i.thriftbooks.com/api/imagehandler/m/7925C20FBE6AE4E50EA7122F4E3B3EA3F59AB532.jpeg', 20, 1, 'Available'),
 (1, 80000.00, 'https://m.media-amazon.com/images/I/51NUuPD8T+L._SL350_.jpg', 20, 1, 'Available'),
 (1, 80000.00, 'https://i.thriftbooks.com/api/imagehandler/m/67A3D20E53BE673A6B216D51324B7FC6C514951B.jpeg', 20, 1, 'Available'),
 (1, 80000.00, 'https://m.media-amazon.com/images/I/510No4ZFSxL._SL350_.jpg', 20, 1, 'Available'),
 (1, 80000.00, 'https://i.thriftbooks.com/api/imagehandler/m/690ADA6EFAA2817F153848B508E888BD6C528CE0.jpeg', 20, 1, 'Available'),
 (1, 80000.00, 'https://i.thriftbooks.com/api/imagehandler/m/C3A0EC758B4496CA0A2E799475C51A5E6714D4D4.jpeg', 20, 1, 'Available'),
 (1, 80000.00, 'https://m.media-amazon.com/images/I/417NCiSA8iL._SL350_.jpg', 20, 1, 'Available'),
 (1, 80000.00, 'https://i.thriftbooks.com/api/imagehandler/m/BF10E29AC25CC5BB998DB5DDAA4D0C2F07D0CB5B.jpeg', 20, 1, 'Available'),
 (1, 80000.00, 'https://i.thriftbooks.com/api/imagehandler/m/BF3A24F6C6ECCBB3A2A2B7E6F8AFF1187D0CBAB3.jpeg', 20, 1, 'Available'),
 (1, 80000.00, 'https://i.thriftbooks.com/api/imagehandler/m/06C5658A67A7AF91DB54120CFC60E17558991351.jpeg', 20, 1, 'Available'),
 (1, 80000.00, 'https://i.thriftbooks.com/api/imagehandler/m/57D35486C92593ACABE65FEABFA6FB6E8378A413.jpeg', 20, 1, 'Available'),
 (1, 80000.00, 'https://m.media-amazon.com/images/I/511k4T+KZ0L._SL350_.jpg', 20, 1, 'Available'),
 (1, 80000.00, 'https://m.media-amazon.com/images/I/31+1zulHC4L._SL350_.jpg', 20, 1, 'Available'),
 (1, 80000.00, 'https://i.thriftbooks.com/api/imagehandler/m/81E7D6998FC4106B8A0D052BC5077950640656A6.jpeg', 20, 1, 'Available'),
 (1, 80000.00, 'https://i.thriftbooks.com/api/imagehandler/m/6C659513F87F78286BDE143E4EFE3EB32C512F5A.jpeg', 20, 1, 'Available'),
 (1, 80000.00, 'https://m.media-amazon.com/images/I/31W+R+lNPuS._SL350_.jpg', 20, 1, 'Available'),
 (1, 80000.00, 'https://i.thriftbooks.com/api/imagehandler/m/ABC93EC586C0B58334879A0C3AA397E3C7409EB7.jpeg', 20, 1, 'Available'),
 (1, 70000.00, 'https://m.media-amazon.com/images/I/51WLIHNG-GL._SL350_.jpg', 20, 1, 'Available'),
 (1, 70000.00, 'https://i.thriftbooks.com/api/imagehandler/m/1E7CB36D8A02C1A5AE307D895C8439D872B1E569.jpeg', 20, 1, 'Available'),
 (1, 70000.00, 'https://i.thriftbooks.com/api/imagehandler/m/93533D6193BA2F043B1E040DEFE96A7CDF33DE1C.jpeg', 20, 1, 'Available'),
 (1, 70000.00, 'https://m.media-amazon.com/images/I/41JIKJ8P7wL._SL350_.jpg', 20, 1, 'Available'),
 (1, 70000.00, 'https://i.thriftbooks.com/api/imagehandler/m/8BE36BAF58F8B984ABBAA9C91232130B429772D1.jpeg', 20, 1, 'Available'),
 (1, 70000.00, 'https://i.thriftbooks.com/api/imagehandler/m/364F26A1E9BFF3DCF56D9407787E1E688BE69111.jpeg', 20, 1, 'Available'),
 (1, 70000.00, 'https://i.thriftbooks.com/api/imagehandler/m/63ADD6176C1DCDDF5DE226C4592AEF2FAEBCB8F5.jpeg', 20, 1, 'Available'),
 (1, 70000.00, 'https://i.thriftbooks.com/api/imagehandler/m/80BA285D38DA526EDD14C37A8E0C0400AEAA09C7.jpeg', 20, 1, 'Available'),
 (1, 70000.00, 'https://i.thriftbooks.com/api/imagehandler/m/3185EE0432D9F3B0C7494174AFCB82805070AE32.jpeg', 20, 1, 'Available'),
 (1, 70000.00, 'https://m.media-amazon.com/images/I/412nx1L5NAL._SL350_.jpg', 20, 1, 'Available'),
 (1, 70000.00, 'https://m.media-amazon.com/images/I/51maj6bj5vL._SL350_.jpg', 20, 1, 'Available'),
 (1, 70000.00, 'https://i.thriftbooks.com/api/imagehandler/m/246B1205D18977BEC81AB0C518E22DE976138A27.jpeg', 20, 1, 'Available'),
 (1, 70000.00, 'https://i.thriftbooks.com/api/imagehandler/m/2EAD9FC50BE0C3AEFE9E19004DA31D96A1257189.jpeg', 20, 1, 'Available'),
 (1, 70000.00, 'https://m.media-amazon.com/images/I/4154t9G28HL._SL350_.jpg', 20, 1, 'Available'),
 (1, 70000.00, 'https://i.thriftbooks.com/api/imagehandler/m/FD77BF26B895028F2EF1168ADE4AEDB9BFBDA2DD.jpeg', 20, 1, 'Available'),
 (3, 25000.00, 'https://vppdeli.vn/wp-content/uploads/2024/03/EG81-BK-600x600.png', 100, 5, 'Available'),
 (3, 25000.00, 'https://vppdeli.vn/wp-content/uploads/2024/03/EC112-12-600x600.png', 100, 5, 'Available'),
 (3, 25000.00, 'https://vppdeli.vn/wp-content/uploads/2024/03/EC00205-600x600.png', 100, 5, 'Available'),
 (3, 25000.00, 'https://vppdeli.vn/wp-content/uploads/2024/03/EC122-72-600x600.png', 100, 5, 'Available'),
 (3, 25000.00, 'https://vppdeli.vn/wp-content/uploads/2024/03/EU00620-600x600.png', 100, 5, 'Available'),
 (3, 25000.00, 'https://vppdeli.vn/wp-content/uploads/2024/03/EU00630-600x600.png', 100, 5, 'Available'),
 (3, 25000.00, 'https://vppdeli.vn/wp-content/uploads/2024/03/EQ00820-600x600.png', 100, 5, 'Available'),
 (3, 25000.00, 'https://vppdeli.vn/wp-content/uploads/2024/03/EQ6C-600x600.png', 100, 5, 'Available'),
 (3, 25000.00, 'https://vppdeli.vn/wp-content/uploads/2024/03/CQ29-600x600.png', 100, 5, 'Available'),
 (3, 25000.00, 'https://vppdeli.vn/wp-content/uploads/2024/03/CQ28-600x600.png', 100, 5, 'Available'),
 (9, 15000.00, 'https://vppdeli.vn/wp-content/uploads/2024/03/WF804-BL-600x600.png', 100, 5, 'Available'),
 (9, 15000.00, 'https://vppdeli.vn/wp-content/uploads/2024/03/w38179-600x600.png', 100, 5, 'Available'),
 (9, 15000.00, 'https://vppdeli.vn/wp-content/uploads/2024/03/w38178-600x600.png', 100, 5, 'Available'),
 (9, 15000.00, 'https://vppdeli.vn/wp-content/uploads/2024/03/w38169-600x600.png', 100, 5, 'Available'),
 (9, 15000.00, 'https://vppdeli.vn/wp-content/uploads/2024/03/w38168-600x600.png', 100, 5, 'Available'),
 (9, 15000.00, 'https://vppdeli.vn/wp-content/uploads/2024/03/CF804-BL-600x600.png', 100, 5, 'Available'),
 (9, 15000.00, 'https://vppdeli.vn/wp-content/uploads/2024/03/C38179-600x600.png', 100, 5, 'Available'),
 (9, 15000.00, 'https://vppdeli.vn/wp-content/uploads/2024/03/C38178-600x600.png', 100, 5, 'Available'),
 (9, 15000.00, 'https://vppdeli.vn/wp-content/uploads/2024/03/C38169-600x600.png', 100, 5, 'Available'),
 (9, 15000.00, 'https://vppdeli.vn/wp-content/uploads/2024/03/C38168-600x600.png', 100, 5, 'Available'),
 (10, 40000.00, 'https://vppdeli.vn/wp-content/uploads/2024/03/E0105-600x600.png', 100, 5, 'Available'),
 (10, 40000.00, 'https://vppdeli.vn/wp-content/uploads/2024/03/E0104-600x600.png', 100, 5, 'Available'),
 (10, 50000.00, 'https://vppdeli.vn/wp-content/uploads/2024/03/E0103-600x600.png', 100, 5, 'Available'),
 (10, 45000.00, 'https://vppdeli.vn/wp-content/uploads/2024/03/E0102-600x600.png', 100, 5, 'Available'),
 (10, 45000.00, 'https://vppdeli.vn/wp-content/uploads/2024/03/E0150-600x600.png', 100, 5, 'Available'),
 (10, 50000.00, 'https://vppdeli.vn/wp-content/uploads/2024/03/may-duc-lo-deli-0130-600x600.png', 100, 5, 'Available'),
 (11, 30000.00, 'https://vppdeli.vn/wp-content/uploads/2024/03/May-bam-kim-deli-trung-600x600.jpg', 100, 5, 'Available'),
 (11, 30000.00, 'https://vppdeli.vn/wp-content/uploads/2024/03/may-bam-kim-deli-0395-600x600.png', 100, 5, 'Available'),
 (8, 15000.00, 'https://vppdeli.vn/wp-content/uploads/2024/03/dao-roc-giay-trung-deli-600x600.jpg', 100, 5, 'Available'),
 (7, 20000.00, 'https://vppdeli.vn/wp-content/uploads/2024/03/keo-van-phong-deli-6010-600x600.png', 100, 5, 'Available'),
 (4, 450000.00, 'https://vppdeli.vn/wp-content/uploads/2024/03/CD580VN-600x600.png', 100, 5, 'Available'),
 (4, 300000.00, 'https://vppdeli.vn/wp-content/uploads/2024/03/EM130-600x600.png', 100, 5, 'Available'),
 (4, 400000.00, 'https://vppdeli.vn/wp-content/uploads/2024/03/EM19810-600x600.png', 100, 5, 'Available'),
 (4, 400000.00, 'https://vppdeli.vn/wp-content/uploads/2024/03/E19217-600x600.png', 100, 5, 'Available'),
 (4, 500000.00, 'https://vppdeli.vn/wp-content/uploads/2024/03/EM124-600x600.png', 100, 5, 'Available'),
 (5, 25000.00, 'https://vppdeli.vn/wp-content/uploads/2024/03/ik-copy-a3-600x600.png', 100, 5, 'Available'),
 (5, 25000.00, 'https://vppdeli.vn/wp-content/uploads/2024/03/ik-copy-600x600.png', 100, 5, 'Available'),
 (5, 25000.00, 'https://vppdeli.vn/wp-content/uploads/2024/03/ik-natural-600x600.png', 100, 5, 'Available'),
 (5, 25000.00, 'https://vppdeli.vn/wp-content/uploads/2024/03/ik-plus-a4-80gsm-600x600.png', 100, 5, 'Available'),
 (5, 20000.00, 'https://vppdeli.vn/wp-content/uploads/2024/03/ik-plus-600x600.png', 100, 5, 'Available'),
 (5, 20000.00, 'https://vppdeli.vn/wp-content/uploads/2024/03/excel-600x600.png', 100, 5, 'Available'),
 (5, 30000.00, 'https://vppdeli.vn/wp-content/uploads/2024/03/double-a-80gsm-600x600.png', 100, 5, 'Available'),
 (5, 30000.00, 'https://vppdeli.vn/wp-content/uploads/2024/03/double-a-70gsm-600x600.png', 100, 5, 'Available'),
 (5, 28000.00, 'https://vppdeli.vn/wp-content/uploads/2024/03/paper-one-a470-600x600.png', 100, 5, 'Available'),
 (5, 28000.00, 'https://vppdeli.vn/wp-content/uploads/2024/03/paper-one-a380-600x600.png', 100, 5, 'Available'),
 (9, 10000.00, 'https://product.hstatic.net/1000230347/product/new7_3b66a60da5da410e80a1762b66788856.jpg', 100, 5, 'Available'),
 (3, 10000.00, 'https://product.hstatic.net/1000230347/product/biz-pm01_099387106dc44ba9973d98ba5e786e53_2806082ad8254b5ea1af288cc8d50e68_large.jpg', 100, 5, 'Available'),
 (3, 10000.00, 'https://product.hstatic.net/1000230347/product/432ds_57b3c614b9954b7faaa7f8e179830e0d.jpg', 100, 5, 'Available'),
 (5, 25000.00, 'https://product.hstatic.net/1000230347/product/artboard_1_copy_e0622b87287049c1bcf560b382c23137.jpg', 100, 5, 'Available'),
 (5, 25000.00, 'https://product.hstatic.net/1000230347/product/new28_02992d2d2ccf4239ad02d44f65f09813.jpg', 100, 5, 'Available'),
 (5, 25000.00, 'https://product.hstatic.net/1000230347/product/new26_227dafd725ce4ff3a1f65de31d4f2a4f.jpg', 100, 5, 'Available'),
 (5, 25000.00, 'https://product.hstatic.net/1000230347/product/artboard_14_4f477a86896443e5a53e2699bd13e8e3.jpg', 100, 5, 'Available'),
 (5, 25000.00, 'https://product.hstatic.net/1000230347/product/artboard_14_124fdf84d50a46f7b14e7cfac05152e9.jpg', 100, 5, 'Available'),
 (3, 40000.00, 'https://product.hstatic.net/1000230347/product/fine_brown_angle_d253460aea4d4275b398cecf351a3410.png', 100, 5, 'Available'),
 (3, 40000.00, 'https://product.hstatic.net/1000230347/product/s-gel_0.7_den_b54238bd03684457ab28a0bed16b08be.jpg', 100, 5, 'Available'),
 (3, 40000.00, 'https://cdn0.fahasa.com/media/catalog/product/i/m/image_195509_1_41631.jpg', 100, 5, 'Available'),
 (3, 40000.00, 'https://product.hstatic.net/1000230347/product/sharpie_twin_magenta__1__a49236b0a76e4543beb0e478b0ae8545.png', 100, 5, 'Available'),
 (3, 40000.00, 'https://product.hstatic.net/1000230347/product/sharpie_twin_red__3__1f388a782aa34cc98a7b80562178d2b7.png', 100, 5, 'Available'),
 (8, 25000.0, 'https://product.hstatic.net/1000230347/product/drg_ko_logo_94e9836f400c4ee7be1df892d19ad5ad.png', 100, 5, 'Available'),
 (14, 35000.0, 'https://product.hstatic.net/1000230347/product/dcl-009_8169a63e80664c2fb4f12bd3d9975596.jpg', 100, 5, 'Available'),
 (3, 50000.00, 'https://product.hstatic.net/1000230347/product/ps-003_a1425736ad224c8a8d82fbd593f9443a.jpg', 100, 5, 'Available'),
 (12, 15000.00, 'https://product.hstatic.net/1000230347/product/artboard_3_copy_bcf3281418bf41c4a839cc44e36a3b8a.jpg', 100, 5, 'Available'),
 (12, 15000.00, 'https://product.hstatic.net/1000230347/product/artboard_3_copy_3ba51bc64cf54521b3dac6940357e138.jpg', 100, 5, 'Available'),
 (12, 15000.00, 'https://product.hstatic.net/1000230347/product/artboard_3_copy_1a3eeb675a534dcb9d7b82b14d95de93.jpg', 100, 5, 'Available'),
 (13, 15000.00, 'https://product.hstatic.net/1000230347/product/artboard_7_copy_a60024729b424775b7edf7b71d06d799.jpg', 100, 5, 'Available'),
 (13, 15000.00, 'https://product.hstatic.net/1000230347/product/artboard_8_81ad96aadf7041e1961087ad69bef2df.jpg', 100, 5, 'Available'),
 (15, 15000.00, 'https://product.hstatic.net/1000230347/product/artboard_1_87416f1daf9d4ef3b304b02319663053.jpg', 100, 5, 'Available'),
 (3, 20000.00, 'https://product.hstatic.net/1000230347/product/artboard_1_copy_835c60a061e048afbea66ffeba9fbf4e.jpg', 100, 5, 'Available'),
 (3, 20000.00, 'https://product.hstatic.net/1000230347/product/fo-bc13__3_.jpg', 100, 5, 'Available'),
 (3, 20000.00, 'https://product.hstatic.net/1000230347/product/pm-04-den_e3c8fd91f5084e80a272c7e062a1a269.jpg', 100, 5, 'Available'),
 (3, 20000.00, 'https://product.hstatic.net/1000230347/product/wbi-01_copy_f8770fbf845d4719870e72bc92e1bc18.jpg', 100, 5, 'Available'),
 (3, 20000.00, 'https://product.hstatic.net/1000230347/product/fo-cbf017_7_copy_263d37d1da8948ffa4ec7593cc4261bb.jpg', 100, 5, 'Available'),
 (3, 20000.00, 'https://product.hstatic.net/1000230347/product/artboard_5_023dc6161a7f401b9fe29ee59772e8f5.jpg', 100, 5, 'Available'),
 (3, 20000.00, 'https://product.hstatic.net/1000230347/product/tl-027_sua_202ca47669564318b58ac62e00832f09.jpg', 100, 5, 'Available'),
 (3, 20000.00, 'https://product.hstatic.net/1000230347/product/artboard_2_599a978d02a24cfe9547c60e9d19e6fb.png', 100, 5, 'Available'),
 (3, 20000.00, 'https://product.hstatic.net/1000230347/product/432asgfdg_495285af8f2b4eee83f3c4d9a506605e_large.jpg', 100, 5, 'Available'),
 (3, 20000.00, 'https://product.hstatic.net/1000230347/product/artboard_6_6a944988f6dc46f9855108ef76c9e15a.jpg', 100, 5, 'Available'),
 (3, 20000.00, 'https://product.hstatic.net/1000230347/product/artboard_3_df7eb8d58f8a4e01abf80434606f05a7.jpg', 100, 5, 'Available'),
 (3, 20000.00, 'https://product.hstatic.net/1000230347/product/ong_muc_thien_long_-_diem_10_fpic-02__9_.jpg', 100, 5, 'Available'),
 (3, 20000.00, 'https://product.hstatic.net/1000230347/product/gp-018_copy_3_4e969db110e14ea59bc6ca596b804136.jpg', 100, 5, 'Available'),
 (3, 20000.00, 'https://product.hstatic.net/1000230347/product/but_bi_flexoffice_fo-023_b5097eae8795405bbfba596908760483_29926289142b40a7a33f81a24dca0e25.jpg', 100, 5, 'Available'),
 (3, 25000.00, 'https://product.hstatic.net/1000230347/product/pm-09-do_f1c3ff902d994ca9a0023c815555a23a.jpg', 100, 5, 'Available'),
 (3, 25000.00, 'https://product.hstatic.net/1000230347/product/but_long_kim_thien_long-doraemon_fl-04_do_17a7a0c8f1df485e8c8f1d55499474e5.jpg', 100, 5, 'Available'),
 (3, 25000.00, 'https://product.hstatic.net/1000230347/product/ppr08.jpg', 100, 5, 'Available'),
 (3, 25000.00, 'https://product.hstatic.net/1000230347/product/fsd_afd56d749322485d8506fdff18ee17f9.jpg', 100, 5, 'Available'),
 (3, 25000.00, 'https://product.hstatic.net/1000230347/product/banner_2_bf7104e106aa404ab62005127e74d809.png', 100, 5, 'Available');

-- Chèn dữ liệu vào bảng book_categories
INSERT INTO book_categories (book_category_name, image_category) VALUES
    ('Leaders & Notable People','https://www.shutterstock.com/shutterstock/photos/1994347787/display_1500/stock-vector-success-people-logo-template-design-leadership-logo-concept-healthy-life-vector-illustration-1994347787.jpg'),
    ('Computer Science','https://img.freepik.com/free-vector/creative-gradient-laptop-logo-template_23-2149010269.jpg?w=740&t=st=1716363405~exp=1716364005~hmac=6f132ec710c634089eaea661281658111586cf3b345cef530905f6552b06e890'),
    ('Comic Books','https://jesspublib.org/wp-content/uploads/516bea553d41e_thumb900.jpg'),
    ('Family','https://st2.depositphotos.com/1003536/7203/v/450/depositphotos_72031787-stock-illustration-family-love-heart-icon-and.jpg'),
    ('Self-Help','https://static.vecteezy.com/system/resources/previews/009/012/578/non_2x/medical-logo-health-care-icon-hospital-free-vector.jpg'),
    ('Health & Wellness','https://thumbs.dreamstime.com/b/basic-rgb-135956155.jpg'),
    ('Philosophy','https://encrypted-tbn0.gstatic.com/images?q=tbn:ANd9GcSrs1iCa2ThiW5gbTc3E7YIJGwQDifKiF8a-p9jL48V_Q&s'),
    ('Mind & Body','https://i.pinimg.com/474x/78/61/f2/7861f2fba4c84279d822956e18d50b7b.jpg'),
    ('Games & Activities','https://dcassetcdn.com/design_img/3795797/582390/23123778/kfyphxbzbkeq6ad2kr2jks3x1m_image.jpg'),
    ('History','https://encrypted-tbn0.gstatic.com/images?q=tbn:ANd9GcTFCXxU0mMTqvC25I9sC8Bc2LBJ4k-q9VT3X9HA-4sDGA&s'),
    ('Social Sciences','https://encrypted-tbn0.gstatic.com/images?q=tbn:ANd9GcRkgwojhryJOffVB1Lv-NbS00Fhl5H9CQG005RbbSCOtw&s'),
    ('Art','https://images-platform.99static.com//tgilrDGBdbVA0IlCPpwIeEWTFr4=/55x57:936x938/fit-in/500x500/99designs-contests-attachments/95/95054/attachment_95054052'),
    ('Cooking','https://static.vecteezy.com/system/resources/thumbnails/008/212/813/small_2x/cooking-logo-design-vector.jpg'),
    ('Home & Garden','https://encrypted-tbn0.gstatic.com/images?q=tbn:ANd9GcQuSEUTr8cqlntGo8ipTRMpKe7sTSyFzQzLev-fihuv7g&s');

-- Chèn dữ liệu vào bảng book_publishers
INSERT INTO book_publishers (book_publisher_name) VALUES
 ('Back Bay Books'),
 ('Simon & Schuster'),
 ('Revell'),
 ('David C Cook'),
 ('Random House'),
 ('Thomas Nelson'),
 ('Crown Publishing Group (NY)'),
 ('World Wide Publications'),
 ('Ballantine Books'),
 ('Penguin Books'),
 ('Self-Realization Fellowship Publishers'),
 ('Random House Publishing Group'),
 ('Mandala Publishing'),
 ('Hyperion'),
 ('Knopf Publishing Group'),
 ('Orbis Books'),
 ('St. Martin s Press'),
 ('Penguin Group'),
 ('Viking Books'),
 ('Atria Books'),
 ('HarperOne'),
 ('Free Press'),
 ('Oxford University Press, USA'),
 ('Alyson Books'),
 ('Mariner Books'),
 ('Atlantic Monthly Press'),
 ('New York University Press'),
 ('Basic Books'),
 ('Bloomsbury Academic'),
 ('Grand Central Publishing'),
 ('Anchor Books'),
 ('Bantam'),
 ('Dey Street Books'),
 ('YWAM Publishing'),
 ('Pantheon Books'),
 ('CLC Ministries'),
 ('Whitaker House'),
 ('Bloomsbury USA'),
 ('Zondervan'),
 ('Ballantine Books'),
 ('Vintage'),
 ('Random House Trade'),
 ('Little Brown and Company'),
 ('Touchstone Books'),
 ('Waterbrook Press'),
 ('Fleming H. Revell Company'),
 ('Harper Perennial Modern Classics'),
 ('Dutton Caliber'),
 ('Berkley Books'),
 ('Lyons Press'),
 ('G.P. Putnam s Sons'),
 ('Chosen Books'),
 ('Regal Books'),
 ('Penguin Press'),
 ('Ocean Press'),
 ('Harper Perennial'),
 ('Gallery Books'),
 ('Harper Collins'),
 ('Beacon Press'),
 ('Berkley Caliber Books'),
 ('Moody Publishers'),
 ('Anchor'),
 ('Seedsowers'),
 ('Image'),
 ('Popular Library Edition'),
 ('Walker & Company'),
 ('Tyndale House Publishers'),
 ('Chosen Books'),
 ('Catholic Book Publishing'),
 ('Custom House'),
 ('Warner Books'),
 ('Pocket Books'),
 ('Holt McDougal'),
 ('Random House (NY)'),
 ('ICS Publications'),
 ('Crown'),
 ('Harcourt, Brace, Jovanovich'),
 ('Tyndale Momentum'),
 ('Farrar, Strauss & Giroux-3pl'),
 ('Marian Press'),
 ('Howard Books'),
 ('Hay House'),
 ('Kregel Publications'),----Pa2
 ('McGraw-Hill Education'),
 ('Addison-Wesley Professional'),
 ('O''Reilly Media'),
 ('Careercup'),
 ('Phi Learning'),
 ('Addison Wesley Publishing Company'),
 ('Peachpit Press'),
 ('Prentice Hall PTR'),
 ('Apress'),
 ('Prentice Hall'),
 ('Springer'),
 ('W. W. Norton & Company'),
 ('For Dummies'),
 ('William Morrow & Company'),
 ('Graphics Pr'),
 ('New Riders Publishing'),
 ('Ten Speed Press'),
 ('Graphics Press'),
 ('Wiley-Blackwell'),
 ('Academic Press'),
 ('Butterworth-Heinemann'),
 ('South Western Educational Publishing'),
 ('Cambridge University Press'),
 ('Wiley'),
 ('Routledge'),
 ('Auerbach Publications'),
 ('Plenum Publishing Corporation'),
 ('Microsoft Press'),
 ('Pearson'),
 ('Viking Books'),
 ('Farrar, Straus and Giroux'),
 ('John Wiley & Sons'),
 ('Course Technology'),
 ('Morgan Kaufmann Publishers'),
 ('Chelsea Green Publishing Company'),
 ('Princeton University Press'),
 ('Sams Publishing'),
 ('Oxford University Press'),
 ('Sage Publications Ltd'),
 ('Cengage Learning'),
 ('Franklin, Beedle & Associates, Inc.'),
 ('Yahoo Press'),
 ('SAS Institute'),
 ('McGraw-Hill Companies'),
 ('Wiley Publishing'),
 ('Focal Press'),
 ('McGraw-Hill/Osborne Media'),
 ('Sybex'),
 ('Wolfram Media'),
 ('Que Pub'),
 ('Adobe Press'),
 ('Wednesday Books'),------P3
 ('Dutton Books for Young Readers'),
 ('Harperteen'),
 ('St. Martin''s Griffin'),
 ('Mariner Books Classics'),
 ('Penguin Workshop'),
 ('Scribner Book Company'),
 ('Balzer & Bray/Harperteen'),
 ('Swoon Reads'),
 ('Harper'),
 ('Little, Brown Books for Young Readers'),
 ('Vintage Books Canada'),
 ('McClelland & Stewart'),
 ('Simon & Schuster Books for Young Readers'),
 ('Avon'),
 ('Candlewick Press (MA)');


-- Chèn dữ liệu vào bảng book_languages
INSERT INTO book_languages (book_language) VALUES
    ('English'),
    ('French'),
    ('Spanish'),
    ('German'),
    ('Chinese'),
    ('Japanese'),
    ('Korean'),
    ('Italian'),
    ('Russian'),
    ('Portuguese'),
    ('Vietnamese');

-- Chèn dữ liệu vào bảng author
INSERT INTO author (author_name) VALUES
 ('Marcus Luttrell'),
 ('Doris Kearns Goodwin'),
 ('John Foxe'),
 ('Nelson Mandela'),
 ('Richard Wurmbrand'),
 ('Laura Hillenbrand'),
 ('Denver Moore'),
 ('Barack Obama'),
 ('Eric Metaxas'),
 ('Erik Larson'),
 ('John Sherrill'),
 ('Alex Haley'),
 ('Ron Chernow'),
 ('David McCullough'),
 ('Donald J. Trump'),
 ('Yogananda'),
 ('Walter Isaacson'),
 ('Eugene B. Sledge'),
 ('Andrew Morton'),
 ('Radhanath Swami'),
 ('Rudolph W. Giuliani'),
 ('Janet Martin Soskice'),
 ('Mahatma Gandhi'),
 ('Diana McLellan'),
 ('Margery Kempe'),
 ('Leila Ahmed'),
 ('Abraham Lincoln'),
 ('Shirley MacLaine'),
 ('Martin Luther King Jr.'),
 ('Michael Eric Dyson'),
 ('Wole Soyinka'),
 ('Patsy Clarke'),
 ('Kathleen Norris'),
 ('Aminatta Forna'),
 ('Richard Marcinko'),
 ('Gerald Horne'),
 ('Peter Balakian'),
 ('Will D. Campbell'),
 ('Donald T. Phillips'),
 ('Stephen E. Ambrose'),
 ('William Manchester'),
 ('Ron Powers'),
 ('Neil Strauss'),
 ('Geoff Benge'),
 ('Anne Lamott'),
 ('Norman P. Grubb'),
 ('Barbara Brown Taylor'),
 ('George Müller'),
 ('Sandy Tolan'),
 ('Joni Eareckson Tada'),
 ('Philip Caputo'),
 ('Robert A. Caro'),
 ('Robert K. Massie'),
 ('Joseph J. Ellis'),
 ('James W. Douglass'),
 ('Fiona Carnarvon'),
 ('Cecil Murphey'),
 ('Jon Krakauer'),
 ('Mary C. Neal'),
 ('Corrie ten Boom'),
 ('John F. Kennedy'),
 ('Dick Winters'),
 ('Keith Richards'),
 ('Kurt Vonnegut Jr.'),
 ('Stacy Schiff'),
 ('Alice Schroeder'),
 ('David Wilkerson'),
 ('Slavomir Rawicz'),
 ('Ron Chernow'),
 ('Betty White'),
 ('Carrie Fisher'),
 ('Charles W. Colson'),
 ('Ben Carson'),
 ('Sue Monk Kidd'),
 ('Don Richardson'),
 ('Elisabeth Elliot'),
 ('Eric Blehm'),
 ('Paulo Coelho'),
 ('Robert Leckie'),
 ('Edmund Morris'),
 ('David Herbert Donald'),
 ('Bruce Olson'),
 ('Ernesto Che Guevara'),
 ('Loung Ung'),
 ('David H. Hackworth'),
 ('Lisa McCubbin Hill'),
 ('Susan Orlean'),
 ('Darlene Deibler Rose'),
 ('Jon Meacham'),
 ('Charles Henderson'),
 ('Howard Taylor'),
 ('Antonia Fraser'),
 ('Jeanne Guyon'),
 ('Maria Augusta von Trapp'),
 ('Dorothy Day'),
 ('Hunter S. Thompson'),
 ('Dava Sobel'),
 ('Gracia Burnham'),
 ('Richard H. Schneider'),
 ('Alison Weir'),
 ('Lawrence G. Lovasik'),
 ('Sara Gay Forden'),
 ('Clayborne Carson'),
 ('Ayaan Hirsi Ali'),
 ('Audie Murphy'),
 ('Neil Sheehan'),
 ('Candice Millard'),
 ('Thérèse of Lisieux'),
 ('C.S. Lewis'),
 ('Ishmael Beah'),
 ('Thomas Merton'),
 ('Maria Faustyna Kowalska'),
 ('Beth Clark'),
 ('Immaculée Ilibagiza'),
 ('Sheldon Vanauken'),
 ('Jon Meacham'),
 ('Ulysses S. Grant'),
 ('Paul Hattaway'),--------------------P2
 ('Kenneth H. Rosen'),
 ('Frederick P. Brooks Jr.'),
 ('Bert Bates'),
 ('David Flanagan'),
 ('Gayle Laakmann McDowell'),
 ('Thomas H. Cormen'),
 ('Bjarne Stroustrup'),
 ('Mark Lutz'),
 ('Scott Kelby'),
 ('Douglas R. Hofstadter'),
 ('Donald Ervin Knuth'),
 ('Eugene Charniak'),
 ('Bernard Sklar'),
 ('Magnus Lie Hetland'),
 ('Arnold Robbins'),
 ('Chor Pang Lo'),
 ('Leland L. Beck'),
 ('Jiri Vlach'),
 ('Robert Sedgewick'),
 ('Randall Munroe'),
 ('Nicholas Carr'),
 ('Greg Harvey'),
 ('Neal Stephenson'),
 ('Jeffrey K. Liker'),
 ('Edward R. Tufte'),
 ('Steve Krug'),
 ('Rachel Ignotofsky'),
 ('Manuel Castells'),
 ('Bennet P. Lientz'),
 ('John J. Fay'),
 ('S. Christian Albright'),
 ('Jamshid Gharajedaghi'),
 ('Terry R. J. Bossomaier'),
 ('Linda S. Lloyd'),
 ('William Horton'),
 ('Tamar Schlick'),
 ('Chris Habl Gray'),
 ('Curtis Baillie'),
 ('Thomas R. Peltier'),
 ('Nancy Duarte'),
 ('Zbigniew Michalewicz'),
 ('Denise M. Oleske'),
 ('Matthias Ruth'),
 ('Gerald L. Kovacich'),
 ('Marty Neumeier'),
 ('Tracy Kidder'),
 ('Joshua Bloch'),
 ('Charles Petzold'),
 ('Kevin D. Mitnick'),
 ('James F. Kurose'),
 ('Wallace Wang'),
 ('Ray Kurzweil'),
 ('W. Richard Stevens'),
 ('Greg Holden'),
 ('Martin Fowler'),
 ('Richard Williams'),
 ('Doug Lowe'),
 ('Abraham Silberschatz'),
 ('Bruce Schneier'),
 ('Robin Nixon'),
 ('Michael Sipser'),
 ('John Walkenbach'),
 ('Monica S. Lam'),
 ('John L. Hennessy'),
 ('Nancy C. Muir'),
 ('David D. Busch'),
 ('Erich Gamma'),
 ('Steve McConnell'),
 ('Donella H. Meadows'),
 ('Andrew Hodges'),
 ('Walter Isaacson'),
 ('Robin P. Williams'),
 ('Dennis M. Ritchie'),
 ('Mike Meyers'),
 ('Stuart Russell'),
 ('Jeffrey E.F. Friedl'),
 ('Alina Wheeler'),
 ('Ben Forta'),
 ('Allen G. Taylor'),
 ('Roger Penrose'),
 ('Ken Bluttman'),
 ('Kathy Sierra'),
 ('Andy Field'),
 ('Cameron Newham'),
 ('Ralph Kimball'),
 ('Michael Dawson'),
 ('Hennessy'),
 ('Scott Meyers'),
 ('Alan Beaulieu'),
 ('John Zelle'),
 ('Douglas Crockford'),
 ('Lora D. Delwiche'),
 ('Alex Martelli'),
 ('Massimo Banzi'),
 ('Daniel J. Barrett'),
 ('Ben Long'),
 ('Louis Rosenfeld'),
 ('Jeffrey D. Ullman'),
 ('Andrew S. Tanenbaum'),
 ('Emily A. Vander Veer'),
 ('Sidney Cottle'),
 ('Julie Adair King'),
 ('April Leigh Helm'),
 ('Kevin Beaver'),
 ('Bob "Dr. Mac" LeVitus'),
 ('Chuck Tomasi'),
 ('Stephen Randy Davis'),
 ('David Cronin'),
 ('Jeff Cogswell'),
 ('Stephen Figgins'),
 ('Jeff Strong'),
 ('Jon L. Bentley'),
 ('Mark L. Chambers'),
 ('Jonathan Gennick'),
 ('Daniel P. Bovet'),
 ('Carlos M. Coronel'),
 ('David M. Stillman'),
 ('Robert E Runstein'),
 ('Michael Meyers'),
 ('Berchie Holliday'),
 ('M. Mitchell Waldrop'),
 ('Allan R. Hambley'),
 ('Russell C. Hibbeler'),
 ('David Meerman Scott'),
 ('Jennifer Greene'),
 ('Barbara J. Jackson'),
 ('Stephen Wolfram'),
 ('Susan Gunelius'),
 ('Robert G. Allen'),
 ('Edward Tetz'),
 ('Ron White'),
 ('Erik Spiekermann'),
 ('Ann Handley'),
 ('Casey McQuiston'),
 ('Malinda Lo'),
 ('Adam Silvera'),
 ('Nina LaCour'),
 ('Augusten Burroughs'),
 ('Alison Bechdel'),
 ('Alok Vaid-Menon'),
 ('Rita Mae Brown'),
 ('Alison Cochrun'),
 ('Annie Proulx'),
 ('Randy Shilts'),
 ('Emily M. Danforth'),
 ('Becky Albertalli'),
 ('Aiden Thomas'),
 ('Camille Paglia'),
 ('Michel Foucault'),
 ('Abraham Verghese'),
 ('Cokie Roberts'),
 ('Reinaldo Arenas'),
 ('David Levithan'),
 ('Helen Fisher'),
 ('Julie Anne Peters'),
 ('Jeanette Winterson'),
 ('Colm Tóibín'),
 ('Paul Monette'),
 ('Moisés Kaufman'),
 ('Gail Collins'),
 ('Alan Hollinghurst'),
 ('Alex Sanchez'),
 ('Gore Vidal'),
 ('John D''Emilio'),
 ('Kate Millett'),
 ('Leslea Newman');

-- Chèn dữ liệu vào bảng books
INSERT INTO books (product_id, book_name, book_category_id, book_description, book_language_id, book_publication_year, book_packaging_size, book_format, book_ISBN, book_publisher_id) VALUES
    (1, 'Lone Survivor: The Eyewitness Account of Operation Redwing and the Lost Heroes of SEAL Team 10', 1, NULL, 1, 2008, '1.1 x 5.4 x 8.2', 'Paperback', '0316067601', 1),
    (2, 'Team of Rivals: The Political Genius of Abraham Lincoln', 1, NULL, 1, 2006, '9.3 x 1.7 x 6.1', 'Paperback', '0743270754', 2),
    (3, 'Foxe ''s Book of Martyrs', 1, NULL, 1, 1998, '6.7 x 1.2 x 4.1', 'Paperback', '0800786610', 3),
    (4, 'Long Walk to Freedom: The Autobiography of Nelson Mandela', 1, NULL, 1, 1995, '8.1 x 2.0 x 5.5', 'Paperback', '0316548189', 1),
    (5, 'Tortured for Christ: 50th Anniversary Edition', 1, NULL, 1, 2017, '0.7 x 5.5 x 8.1', 'Paperback', '083077260X', 4),
    (6, 'Unbroken: A World War II Story of Survival, Resilience, and Redemption', 1, NULL, 1, 2010, '1.4 x 6.2 x 9.4', 'Hardcover', '1400064163', 5),
    (7, 'Same Kind Of Different As Me', 1, NULL, 1, 2006, '9.5 x 0.8 x 6.3', 'Hardcover', '0849900417', 6),
    (8, 'The Audacity of Hope: Thoughts on Reclaiming the American Dream', 1, NULL, 1, 2006, '1.4 x 6.5 x 9.5', 'Hardcover', '0307237699', 7),
    (9, 'Bonhoeffer: Pastor, Martyr, Prophet, Spy: A Righteous Gentile vs. the Third Reich', 1, NULL, 1, 2011, '1.6 x 6.1 x 8.8', 'Paperback', '1595552464', 6),
    (10, 'In the Garden of Beasts: Love, Terror, and an American Family in Hitler ''s Berlin', 1, NULL, 1, 2011, '1.1 x 5.1 x 8.2', 'Paperback', '030740885X', 7),
    (11, 'The Hiding Place', 1, NULL, 1, 1971, '1.0 x 6.5 x 9.5', 'Paperback', '0912376015', 8),
    (12, 'The Autobiography of Malcolm X: As Told to Alex Haley', 1, NULL, 1, 1992, '6.9 x 1.1 x 4.2', 'Mass Market Paperback', '0345350685', 9),
    (13, 'Alexander Hamilton', 1, NULL, 1, 2005, '1.7 x 5.9 x 9.1', 'Paperback', '0143034758', 10),
    (14, 'John Adams', 1, NULL, 1, 2001, '9.3 x 1.7 x 6.3', 'Hardcover', '0684813637', 2),
    (15, 'Trump: The Art of the Deal', 1, NULL, 1, 1987, '1.1 x 6.4 x 9.2', 'Hardcover', '0394555287', 5),
    (16, 'Autobiography of a Yogi', 1, NULL, 1, 1998, '1.1 x 4.6 x 7.4', 'Paperback', '0876120796', 11),
    (17, 'Benjamin Franklin: An American Life', 1, NULL, 1, 2003, '1.7 x 6.5 x 9.6', 'Hardcover', '0684807610', 2),
    (18, 'With the Old Breed: At Peleliu and Okinawa', 1, NULL, 1, 2007, '8.2 x 0.8 x 5.5', 'Paperback', '0891419063', 12),
    (19, 'Truman', 1, NULL, 1, 1993, '9.3 x 1.9 x 6.1', 'Paperback', '0671869205', 2),
    (20, 'Diana: The True Story', 1, NULL, 1, 1992, '0.7 x 6.3 x 9.4', 'Hardcover', '0671793632', 2),
    (21, 'The Journey Home: Autobiography of an American Swami', 1, NULL, 1, 2010, '1.1 x 5.9 x 9.0', 'Paperback', '1601090560', 13),
    (22, 'Leadership', 1, NULL, 1, 2002, '9.3 x 6.1', 'Hardcover', '0786868414', 14),
    (23, 'The Sisters of Sinai: How Two Lady Adventurers Discovered the Hidden Gospels', 1, NULL, 1, 2009, '1.3 x 6.3 x 9.1', 'Hardcover', '1400041333', 15),
    (24, 'Mohandas Gandhi: Essential Writings', 1, NULL, 1, 2002, '0.4 x 5.5 x 8.3', 'Paperback', '1570754322', 16),
    (25, 'The Girls: Sappho Goes to Hollywood', 1, NULL, 1, 2000, '1.4 x 6.3 x 9.4', 'Hardcover', '0312246471', 17),
    (26, 'The Book of Margery Kempe', 1, NULL, 1, 2000, '0.8 x 5.1 x 7.8', 'Paperback', '0140432515', 18),
    (27, 'A Border Passage: From Cairo to America--A Woman ''s Journey', 1, NULL, 1, 2000, '0.8 x 5.0 x 7.7', 'Paperback', '0140291830', 18),
    (28, 'The Portable Abraham Lincoln', 1, NULL, 1, 1992, '1.0 x 5.3 x 8.0', 'Hardcover', '0670840882', 19),
    (29, 'The Camino: A Journey of the Spirit', 1, NULL, 1, 2001, '1.2 x 6.5 x 9.6', 'Hardcover', '0743400720', 20),
    (30, 'I Have a Dream: Writings and Speeches That Changed the World, Special 75th Anniversary Edition (Martin Luther King, Jr., born January 15, 1929)', 1, NULL, 1, 2003, '8.3 x 0.6 x 5.3', 'Paperback', '0062505521', 21),
    (31, 'I May Not Get There with You: The True Martin Luther King Jr.', 1, NULL, 1, 2000, '1.2 x 6.5 x 9.5', 'Hardcover', '0684867761', 22),
    (32, 'The Open Sore of a Continent: A Personal Narrative of the Nigerian Crisis', 1, NULL, 1, 1996, '0.7 x 5.7 x 8.5', 'Hardcover', '0195105575', 23),
    (33, 'Keep Singing: Two Mothers, Two Sons, and Their Fight Against Jesse Helms', 1, NULL, 1, 2000, '0.5 x 5.3 x 8.0', 'Paperback', '1555835724', 24),
    (34, 'Dakota: A Spiritual Geography', 1, NULL, 1, 1993, '0.8 x 5.5 x 8.3', 'Paperback', '039571091X', 25),
    (35, 'The Devil That Danced on the Water: A Daughter ''s Quest', 1, NULL, 1, 2002, '1.3 x 6.3 x 9.2', 'Hardcover', '0871138654', 26),
    (36, 'Rogue Warrior', 1, NULL, 1, 1992, '1.2 x 6.5 x 9.6', 'Hardcover', '0671703900', 20),
    (37, 'Red Seas: Ferdinand Smith and Radical Black Sailors in the United States and Jamaica', 1, NULL, 1, 2005, '1.1 x 6.4 x 9.2', 'Hardcover', '0814736688', 27),
    (38, 'Black Dog of Fate', 1, NULL, 1, 2009, '1.1 x 5.4 x 8.2', 'Paperback', '0465010199', 28),
    (39, 'Brother to a Dragonfly: 25th Anniversary Edition', 1, NULL, 1, 2000, '0.7 x 6.0 x 8.9', 'Paperback', '0826412688', 29),
    (40, 'Martin Luther King, Jr., on Leadership: Inspiration and Wisdom for Challenging Times', 1, NULL, 1, 2000, '8.3 x 1.0 x 5.0', 'Paperback', '0446675466', 30),
    (41, 'Crazy Horse and Custer: The Parallel Lives of Two American Warriors', 1, NULL, 1, 1996, '1.2 x 5.2 x 8.0', 'Paperback', '0385479662', 31),
    (42, 'The Last Lion: Winston Spencer Churchill: Visions of Glory, 1874-1932', 1, NULL, 1, 1984, '2.0 x 5.2 x 8.3', 'Paperback', '0385313489', 32),
    (43, 'Flags of Our Fathers', 1, NULL, 1, 2000, '1.1 x 6.3 x 9.3', 'Hardcover', '0553111337', 32),
    (44, 'The Dirt: Confessions of the World''s Most Notorious Rock Band', 1, NULL, 1, 2002, '9.1 x 1.1 x 6.1', 'Paperback', '0060989157', 33),
    (45, 'George Muller: Guardian of Bristol''s Orphans', 1, NULL, 1, 2001, '0.7 x 5.2 x 7.9', 'Paperback', '1576581454', 34),
    (46, 'Traveling Mercies: Some Thoughts on Faith', 1, NULL, 1, 1999, '1.0 x 5.3 x 8.5', 'Hardcover', '0679442405', 35),
    (47, 'Rees Howells, Intercessor', 1, NULL, 1, 1988, '0.7 x 5.3 x 8.0', 'Paperback', '0875081886', 36),
    (48, 'An Altar in the World: A Geography of Faith', 1, NULL, 1, 2010, '0.6 x 5.4 x 8.0', 'Paperback', '0061370479', 21),
    (49, 'The Autobiography of George Muller: You, Too, Can Experience Miraculous Answers to Prayer! (Receive God s Guidance and Provision Every Day)', 1, NULL, 1, 1996, '0.7 x 4.2 x 6.8', 'Paperback', '0883681595', 37),
    (50, 'The Lemon Tree: An Arab, a Jew, and the Heart of the Middle East', 1, NULL, 1, 2007, '1.0 x 5.5 x 8.4', 'Paperback', '1596913436', 38),
    (51, 'Joni: An Unforgettable Story', 1, NULL, 1, 2001, '0.6 x 5.5 x 8.4', 'Paperback', '0310240018', 39),
    (52, 'A Rumor of War', 1, NULL, 1, 1987, '1.1 x 4.3 x 6.7', 'Mass Market Paperback', '0345331222', 40),
    (53, 'The Power Broker: Robert Moses and the Fall of New York', 1, NULL, 1, 1975, '1.9 x 6.0 x 9.2', 'Paperback', '0394720245', 41),
    (54, 'Nicholas and Alexandra: The Classic Account of the Fall of the Romanov Dynasty', 1, NULL, 1, 2000, '1.4 x 5.6 x 8.3', 'Paperback', '0345438310', 42),
    (55, 'American Sphinx: The Character of Thomas Jefferson', 1, NULL, 1, 1997, '1.5 x 6.7 x 9.6', 'Hardcover', '0679444904', 15),
    (56, 'Goodbye, Darkness: A Memoir of the Pacific War', 1, NULL, 1, 1980, '1.0 x 6.5 x 9.5', 'Hardcover', '0316545015', 43),
    (57, 'The Path to Power: The Years of Lyndon Johnson I', 1, NULL, 1, 1990, '1.7 x 6.1 x 9.1', 'Paperback', '0679729453', 41),
    (58, 'JFK and the Unspeakable: Why He Died and Why It Matters', 1, NULL, 1, 2010, '1.3 x 6.0 x 8.9', 'Paperback', '1439193886', 44),
    (59, 'Amazing Grace: William Wilberforce and the Heroic Campaign to End Slavery', 1, NULL, 1, 2007, '0.9 x 5.3 x 7.9', 'Paperback', '0061173886', 21),
    (60, 'Lady Almina and the Real Downton Abbey: The Lost Legacy of Highclere Castle', 1, NULL, 1, 2011, '0.9 x 5.2 x 8.0', 'Paperback', '0770435629', 7),
    (61, '90 Minutes in Heaven', 1, NULL, 1, 2004, '1.0 x 6.5 x 9.5', 'Hardcover', '0739453939', 3),
    (62, 'Where Men Win Glory: The Odyssey of Pat Tillman', 1, NULL, 1, 2010, '1.1 x 5.2 x 8.0', 'Paperback', '030738604X', 31),
    (63, 'To Heaven and Back: A Doctor s Extraordinary Account of Her Death, Heaven, Angels, and Life Again: A True Story', 1, NULL, 1, 2012, '0.7 x 5.2 x 7.9', 'Paperback', '0307731715', 45),
    (64, 'Tramp for the Lord', 1, NULL, 1, 1998, '0.9 x 4.6 x 7.1', 'Hardcover', '0800717570', 46),
    (65, 'Profiles in Courage (Harper Perennial Modern Classics)', 1, NULL, 1, 2006, '8.0 x 0.7 x 5.3', 'Paperback', '0060854936', 47),
    (66, 'Beyond Band of Brothers: The War Memoirs of Major Dick Winters', 1, NULL, 1, 2008, '0.8 x 6.0 x 9.0', 'Paperback', '0425213757', 48),
    (67, 'Life', 1, NULL, 1, 2010, '1.9 x 6.5 x 9.6', 'Hardcover', '031603438X', 43),
    (68, 'A Man Without a Country', 1, NULL, 1, 2007, '0.4 x 5.4 x 7.9', 'Paperback', '081297736X', 42),
    (69, 'Cleopatra: A Life', 1, NULL, 1, 2010, '1.2 x 6.3 x 9.5', 'Hardcover', '0316001929', 43),
    (70, 'The Snowball: Warren Buffett and the Business of Life', 1, NULL, 1, 2008, '2.1 x 6.5 x 9.5', 'Hardcover', '0553805096', 32),
    (71, 'The Cross and the Switchblade', 1, NULL, 1, 1986, '0.5 x 4.2 x 6.8', 'Mass Market Paperback', '0515090255', 49),
    (72, 'The Long Walk: The True Story of a Trek to Freedom', 1, NULL, 1, 1997, '0.6 x 6.1 x 8.6', 'Paperback', '1558216847', 50),
    (73, 'Titan: The Life of John D. Rockefeller, Sr.', 1, NULL, 1, 2004, '1.7 x 6.1 x 9.1', 'Paperback', '1400077303', 41),
    (74, 'If You Ask Me: (And of Course You Wont)', 1, NULL, 1, 2011, '1.1 x 6.5 x 9.0', 'Hardcover', '0399157530', 51),
    (75, 'Wishful Drinking', 1, NULL, 1, 2008, '0.8 x 5.7 x 8.5', 'Hardcover', '1439102252', 2),
    (76, 'Born Again', 1, NULL, 1, 1976, '1.0 x 6.5 x 9.5', 'Hardcover', '0912376139', 52),
    (77, 'Gifted Hands: The Ben Carson Story', 1, NULL, 1, 1992, '8.1 x 0.9 x 5.2', 'Paperback', '0310546516', 39),
    (78, 'The Dance of the Dissident Daughter', 1, NULL, 1, 1996, '0.6 x 5.3 x 8.2', 'Paperback', '006064589X', 21),
    (79, 'Peace Child', 1, NULL, 1, 1975, '0.7 x 5.3 x 8.1', 'Paperback', '0830704159', 53),
    (80, 'A Chance to Die: The Life and Legacy of Amy Carmichael', 1, NULL, 1, 2005, '1.0 x 6.0 x 8.9', 'Paperback', '0800730895', 46),
    (81, 'Fearless: The Undaunted Courage and Ultimate Sacrifice of Navy SEAL Team Six Operator Adam Brown', 1, NULL, 1, 2012, '1.1 x 6.2 x 9.3', 'Hardcover', '0307730697', 45),
    (82, 'The Pilgrimage: A Contemporary Quest for Ancient Wisdom', 1, NULL, 1, 2021, '0.7 x 6.7 x 8.6', 'Paperback', '0061687456', 21),
    (83, 'Helmet for My Pillow: From Parris Island to the Pacific', 1, NULL, 1, 2010, '0.7 x 5.1 x 8.0', 'Paperback', '0553593315', 32),
    (84, 'Theodore Rex', 1, NULL, 1, 2001, '1.8 x 6.7 x 9.3', 'Hardcover', '0394555090', 5),
    (85, 'Catherine the Great: Portrait of a Woman', 1, NULL, 1, 2012, '1.6 x 6.1 x 9.2', 'Paperback', '0345408772', 42),
    (86, 'Lincoln', 1, NULL, 1, 1995, '9.5 x 1.8 x 6.8', 'Hardcover', '0684808463', 2),
    (87, 'Washington: A Life', 1, NULL, 1, 2010, '1.9 x 6.4 x 9.4', 'Hardcover', '1594202664', 54),
    (88, 'Bruchko', 1, NULL, 1, 2005, '0.4 x 6.1 x 8.9', 'Hardcover', '1576583481', 34),
    (89, 'His Excellency: George Washington', 1, NULL, 1, 2004, '1.4 x 6.5 x 9.7', 'Hardcover', '1400040310', 15),
    (90, 'The Motorcycle Diaries: Notes on a Latin American Journey', 1, NULL, 1, 2003, '0.6 x 5.6 x 8.4', 'Paperback', '1876175702', 55),
    (91, 'Shadow of the Almighty: The Life and Testament of Jim Elliot', 1, NULL, 1, 2009, '0.8 x 5.4 x 8.3', 'Paperback', '006062213X', 21),
    (92, 'First They Killed My Father: A Daughter of Cambodia Remembers', 1, NULL, 1, 2006, '0.8 x 5.3 x 8.0', 'Paperback', '0060856262', 56),
    (93, 'About Face', 1, NULL, 1, 1989, '', 'Hardcover', '0671526928', 2),
    (94, 'Mrs. Kennedy and Me', 1, NULL, 1, 2012, '1.2 x 6.5 x 9.4', 'Hardcover', '1451648448',57),
    (95, 'The Orchid Thief: A True Story of Beauty and Obsession (Ballantine Reader s Circle)', 1, NULL, 1, 2000, '8.3 x 0.7 x 5.5', 'Paperback', '044900371X', 40),
    (96, 'Evidence Not Seen: A Woman ''s Miraculous Faith in the Jungles of World War II', 1, NULL, 1, 1990, '8.0 x 0.5 x 5.3', 'Paperback', '0060670207', 58),
    (97, 'Franklin and Winston: An Intimate Portrait of an Epic Friendship', 1, NULL, 1, 2004, '1.1 x 5.2 x 8.1', 'Paperback', '0812972821', 42),
    (98, 'Gandhi an Autobiography: The Story of My Experiments with Truth', 1, NULL, 1, 1993, '1.6 x 5.2 x 8.4', 'Paperback', '0807059099', 59),
    (99, 'Marine Sniper: 93 Confirmed Kills', 1, NULL, 1, 1988, '6.8 x 0.7 x 4.1', 'Mass Market Paperback', '0425103552', 60),
    (100, 'Hudson Taylor ''s Spiritual Secret', 1, NULL, 1, 2009, '0.9 x 5.0 x 6.9', 'Paperback', '0802456588', 61),
    (101, 'Marie Antoinette: The Journey', 1, NULL, 1, 2002, '8.0 x 1.3 x 5.3', 'Paperback', '0385489498', 62),
    (102, 'Experiencing the Depths of Jesus Christ', 1, NULL, 1, 1981, '0.6 x 5.1 x 7.9', 'Paperback', '0940232006', 63),
    (103, 'The Story of the Trapp Family Singers', 1, NULL, 1, 1957, '0.9 x 5.4 x 8.3', 'Paperback', '0385028962', 64),
    (104, 'The Long Loneliness: The Autobiography of the Legendary Catholic Social Activist', 1, NULL, 1, 2009, '8.0 x 0.7 x 5.3', 'Paperback', '0060617519', 21),
    (105, 'Fear and Loathing: On the Campaign Trail 72', 1, NULL, 1, 1973, '1.0 x 6.5 x 9.5', 'Paperback', '0445082488', 65),
    (106, 'Galileo ''s Daughter: A Historical Memoir of Science, Faith, and Love', 1, NULL, 1, 1999, '1.4 x 6.5 x 9.6', 'Hardcover', '0802713432', 66),
    (107, 'Peter the Great: His Life and World', 1, NULL, 1, 1981, '1.7 x 6.1 x 9.2', 'Paperback', '0345298063', 42),
    (108, 'Last Lion, The: Winston Spencer Churchill Alone 1932-1940 - Volume 2', 1, NULL, 1, 1988, '1.8 x 6.4 x 9.4', 'Hardcover', '0316545120', 43),
    (109, 'In the Presence of My Enemies', 1, NULL, 1, 2003, '1.2 x 6.0 x 9.5', 'Hardcover', '0842381384', 67),
    (110, 'I Dared to Call Him Father', 1, NULL, 1, 1978, '1.0 x 6.5 x 9.5', 'Hardcover', '0912376228', 68),
    (111, 'Six Wives of Henry VIII', 1, NULL, 1, 1993, '1.1 x 5.5 x 8.3', 'Paperback', '034538072X', 40),
    (112, 'Picture Book of Saints', 1, NULL, 1, 1979, '0.8 x 6.2 x 9.1', 'Hardcover', '0899422357', 69),
    (113, 'House of Gucci: A Sensational Story of Murder, Madness, Glamour, and Greed', 1, NULL, 1, 2001, '1.1 x 6.0 x 9.0', 'Paperback', '0060937750', 70),
    (114, 'In My Father ''s House: The Years Before The Hiding Place', 1, NULL, 1, 1976, '1.0 x 6.5 x 9.5', 'Hardcover', '0800707834', 46),
    (115, 'Colonel Roosevelt', 1, NULL, 1, 2010, '1.8 x 6.7 x 9.4', 'Hardcover', '0375504877', 5),
    (116, 'The Autobiography of Martin Luther King, Jr.', 1, NULL, 1, 2001, '9.0 x 1.3 x 6.0', 'Paperback', '0446676500', 71),
    (117, 'Infidel', 1, NULL, 1, 2008, '1.0 x 5.1 x 7.8', 'Paperback', '1416526242', 72),
    (118, 'Means of Ascent: The Years of Lyndon Johnson II', 1, NULL, 1, 1990, '1.4 x 6.4 x 9.7', 'Hardcover', '0394528352', 15),
    (119, 'To Hell and Back', 1, NULL, 1, 2002, '0.8 x 5.3 x 9.0', 'Paperback', '0805070869', 73),
    (120, 'A Bright Shining Lie: John Paul Vann and America in Vietnam', 1, NULL, 1, 1988, '1.0 x 6.5 x 9.5', 'Hardcover', '0394484479', 74),
    (121, 'The River of Doubt: Theodore Roosevelt s Darkest Journey', 1, NULL, 1, 2006, '8.0 x 0.9 x 5.1', 'Paperback', '0767913736', 62),
    (122, 'Story of a Soul: The Autobiography of St. Therese of Lisieux', 1, NULL, 1, 1996, '1.0 x 5.4 x 8.4', 'Paperback', '0935216588', 75),
    (123, 'Dreams from My Father: A Story of Race and Inheritance', 1, NULL, 1, 2004, '8.0 x 0.9 x 5.2', 'Paperback', '1400082773', 76),
    (124, 'Surprised by Joy: The Shape of My Early Life', 1, NULL, 1, 1966, '8.0 x 0.7 x 5.3', 'Paperback', '0156870118', 77),
    (125, 'Through Gates of Splendor: 40th Anniversary Edition', 1, NULL, 1, 1981, '0.9 x 4.2 x 6.9', 'Mass Market Paperback', '0842371516', 78),
    (126, 'God ''s Smuggler', 1, NULL, 1, 2001, '1.0 x 6.5 x 9.5', 'Hardcover', '0739419013', 68),
    (127, 'Founding Brothers: The Revolutionary Generation', 1, NULL, 1, 2000, '1.0 x 6.5 x 9.5', 'Hardcover', '0375405445', 15),
    (128, 'Mornings on Horseback: The Story of an Extraordinary Family, a Vanished Way of Life and the Unique Child Who Became Theodore Roosevelt', 1, NULL, 1, 1982, '9.3 x 1.2 x 6.1', 'Paperback', '0671447548', 2),
    (129, 'Long Way Gone: Memoirs of a Boy Soldier', 1, NULL, 1, 2007, '0.9 x 5.9 x 8.6', 'Hardcover', '0374105235', 79),
    (130, 'The Seven Storey Mountain', 1, NULL, 1, 1999, '1.4 x 5.3 x 8.0', 'Paperback', '0156010860', 21),
    (131, 'No Ordinary Time: Franklin and Eleanor Roosevelt, the Home Front in World War II', 1, NULL, 1, 1994, '1.6 x 6.5 x 9.6', 'Hardcover', '0671642405', 2),
    (132, 'Diary of Saint Maria Faustina Kowalska: Divine Mercy in My Soul', 1, NULL, 1, 2003, '1.5 x 4.1 x 7.0', 'Paperback', '1596141107', 80),
    (133, 'The Rise of Theodore Roosevelt', 1, NULL, 1, 2001, '1.5 x 5.3 x 8.0', 'Paperback', '0375756787', 42),
    (134, 'Kisses from Katie: A Story of Relentless Love and Redemption', 1, NULL, 1, 2011, '1.1 x 6.3 x 9.1', 'Hardcover', '1451612060', 81),
    (135, 'Left to Tell: Discovering God Amidst the Rwandan Holocaust', 1, NULL, 1, 2007, '0.7 x 6.0 x 9.1', 'Paperback', '1401908977', 82),
    (136, 'A Severe Mercy', 1, NULL, 1, 2009, '0.6 x 5.2 x 7.9', 'Paperback', '0060688246', 21),
    (137, 'American Lion: Andrew Jackson in the White House', 1, NULL, 1, 2008, '1.5 x 6.4 x 9.4', 'Hardcover', '1400063256', 5),
    (138, 'Personal Memoirs', 1, NULL, 1, 1999, '1.3 x 5.1 x 7.8', 'Paperback', '0140437010', 18),
    (139, 'Destiny of the Republic: A Tale of Madness, Medicine and the Murder of a President', 1, NULL, 1, 2012, '0.9 x 5.1 x 7.9', 'Paperback', '0767929713', 40),
    (140, 'Heavenly Man', 1, NULL, 1, 2020, '0.7 x 5.0 x 7.8', 'Paperback', '0825446775', 83),
    (141, 'Discrete Mathematics and Its Applications', 2, NULL, 1, 2006, '1.5 x 8.7 x 10.4', 'Hardcover', '0073229725', 84),---P2
    (142, 'The Mythical Man-Month: Essays on Software Engineering, Anniversary Edition', 2, NULL, 1, 1995, '0.8 x 6.1 x 9.1', 'Paperback', '0201835959', 85),
    (143, 'Head First Java', 2, NULL, 1, 2005, '1.5 x 7.9 x 9.2', 'Paperback', '0596009208', 86),
    (144, 'JavaScript: The Definitive Guide', 2, NULL, 1, 1998, '1.4 x 7.1 x 9.2', 'Paperback', '1565923928', 86),
    (145, 'Cracking the Coding Interview: 189 Programming Questions and Solutions', 2, NULL, 1, 2015, '1.6 x 6.9 x 10.0', 'Paperback', '0984782850', 87),
    (146, 'Introduction to Algorithms', 2, NULL, 1, 2010, '1.2 x 8.7 x 11.0', 'Paperback', '8120340078', 88),
    (147, 'The C++ Programming Language', 2, NULL, 1, 1991, '1.2 x 6.2 x 9.2', 'Paperback', '0201539926', 89),
    (148, 'Learning Python', 2, NULL, 1, 2007, '1.5 x 7.0 x 9.2', 'Paperback', '0596513984', 86),
    (149, 'The Digital Photography Book: Part 1', 2, NULL, 1, 2013, '0.5 x 6.1 x 8.9', 'Paperback', '0321934946', 90),
    (150, 'Godel, Escher, Bach: An Eternal Golden Braid', 2, NULL, 1, 1999, '1.8 x 6.5 x 9.2', 'Paperback', '0465026567', 28),
    (151, 'The Art of Computer Programming', 2, NULL, 1, 1973, '1.6 x 6.8 x 9.5', 'Hardcover', '0201038099', 89),
    (152, 'Introduction to Artificial Intelligence', 2, NULL, 1, 1985, '1.3 x 6.7 x 9.6', 'Hardcover', '0201119455', 89),
    (153, 'Digital Communications: Fundamentals and Applications', 2, NULL, 1, 1987, '1.6 x 7.3 x 9.6', 'Hardcover', '0132119390', 91),
    (154, 'Beginning Python: From Novice to Professional', 2, NULL, 1, 2008, '1.3 x 6.8 x 9.6', 'Paperback', '1590599829', 92),
    (155, 'UNIX in a Nutshell: A Desktop Quick Reference - Covers Gnu/Linux, Mac OS X, and Solaris', 2, NULL, 1, 2005, '2.0 x 6.1 x 9.0', 'Paperback', '0596100299', 86),
    (156, 'Concepts and Techniques of Geographic Information Systems', 2, NULL, 1, 2006, '1.0 x 8.6 x 10.9', 'Hardcover', '013149502X', 93),
    (157, 'System Software: An Introduction to Systems Programming', 2, NULL, 1, 1985, '', 'Hardcover', '0201109506', 89),
    (158, 'Computer Methods for Circuit Analysis and Design', 2, NULL, 1, 1983, '1.3 x 6.1 x 9.2', 'Hardcover', '0442281080', 94),
    (159, 'Algorithms', 2, NULL, 1, 1983, '', 'Hardcover', '0201066726', 89),
    (160, 'What If?: Serious Scientific Answers to Absurd Hypothetical Questions', 2, NULL, 1, 2014, '1.4 x 7.3 x 9.0', 'Hardcover', '0544272994', 33),
    (161, 'The Shallows: What the Internet Is Doing to Our Brains', 2, NULL, 1, 2011, '0.8 x 5.4 x 8.2', 'Paperback', '0393339750', 95),
    (162, 'Excel for Dummies', 2, NULL, 1, 1992, '0.9 x 7.3 x 9.1', 'Paperback', '1878058630', 96),
    (163, 'Cryptonomicon', 2, NULL, 1, 2002, '1.9 x 4.3 x 6.8', 'Mass Market Paperback', '0060512806', 97),
    (164, 'The Toyota Way: 14 Management Principles from the World ''s Greatest Manufacturer', 2, NULL, 1, 2004, '1.3 x 6.3 x 9.1', 'Hardcover', '0071392319', 84),
    (165, 'Envisioning Information', 2, NULL, 1, 1990, '10.8 x 0.8 x 8.8', 'Hardcover', '0961392118', 98),
    (166, 'Don''t Make Me Think!: A Common Sense Approach to Web Usability', 2, NULL, 1, 2005, '0.4 x 6.9 x 9.0', 'Paperback', '0321344758', 99),
    (167, 'Women in Science: 50 Fearless Pioneers Who Changed the World', 2, NULL, 1, 2016, '0.6 x 7.7 x 9.1', 'Hardcover', '1607749769', 100),
    (168, 'The Visual Display of Quantitative Information', 2, NULL, 1, 1990, '0.9 x 9.0 x 10.9', 'Hardcover', '096139210X', 101),
    (169, 'Thing Explainer: Complicated Stuff in Simple Words', 2, NULL, 1, 2015, '0.7 x 9.3 x 13.0', 'Hardcover', '0544668251', 33),
    (170, 'The Rise of the Network Society: The Information Age: Economy, Society and Culture, Volume I', 2, NULL, 1, 2000, '1.4 x 6.0 x 9.1', 'Paperback', '0631221409', 102),
    (171, 'Project Management for the 21st Century', 2, NULL, 1, 1995, '0.6 x 5.9 x 9.0', 'Paperback', '0124499651', 103),
    (172, 'Contemporary Security Management', 2, NULL, 1, 2001, '1.1 x 7.0 x 10.2', 'Hardcover', '0750672714', 104),
    (173, 'VBA for Modelers: Developing Decision Support Systems Using Microsoft Excel', 2, NULL, 1, 2000, '1.2 x 7.4 x 9.2', 'Paperback', '0534380123', 105),
    (174, 'Systems Thinking: Managing Chaos and Complexity: A Platform for Designing Business Architecture', 2, NULL, 1, 1999, '0.7 x 5.9 x 9.3', 'Paperback', '0750671637', 104),
    (175, 'Complex Systems', 2, NULL, 1, 2007, '0.9 x 6.0 x 9.0', 'Paperback', '0521043719', 106),
    (176, 'Community Health Advocacy', 2, NULL, 1, 2002, '0.7 x 6.3 x 9.3', 'Hardcover', '0306473909', 94),
    (177, 'Designing Web-Based Training: How to Teach Anyone Anything Anywhere Anytime', 2, NULL, 1, 2000, '1.4 x 7.3 x 9.3', 'Paperback', '047135614X', 107),
    (178, 'Molecular Modeling and Simulation: An Interdisciplinary Guide', 2, NULL, 1, 2002, '1.5 x 6.9 x 9.0', 'Hardcover', '038795404X', 94),
    (179, 'Cyborg Citizen: Politics in the Posthuman Age', 2, NULL, 1, 2002, '0.7 x 6.3 x 9.0', 'Paperback', '0415919797', 108),
    (180, 'Effective Security Management', 2, NULL, 1, 2003, '0.9 x 6.1 x 9.2', 'Hardcover', '0750674547', 104),
    (181, 'Information Security Risk Analysis', 2, NULL, 1, 2001, '0.8 x 7.0 x 9.9', 'Hardcover', '0849308801', 109),
    (182, 'Slide: Ology: The Art and Science of Creating Great Presentations', 2, NULL, 1, 2008, '0.7 x 9.1 x 8.6', 'Paperback', '0596522347', 86),
    (183, 'How to Solve It: Modern Heuristics', 2, NULL, 1, 2004, '1.2 x 6.5 x 9.5', 'Hardcover', '3540660615', 94),
    (184, 'Epidemiology and the Delivery of Health Care Services: Methods and Applications', 2, NULL, 1, 1995, '0.6 x 7.0 x 10.0', 'Hardcover', '0306449684', 110),
    (185, 'Dynamic Modeling', 2, NULL, 1, 1997, '1.0 x 6.4 x 9.6', 'Hardcover', '0387942874', 94),
    (186, 'High-Technology Crime Investigator''s Handbook: Establishing and Managing a High-Technology Crime Prevention Program', 2, NULL, 1, 2006, '0.9 x 6.3 x 9.4', 'Paperback', '0750679298', 104),
    (187, 'The Brand Gap: Revised Edition', 2, NULL, 1, 2005, '0.6 x 5.3 x 8.0', 'Paperback', '0321348109', 99),
    (188, 'The Soul of a New Machine', 2, NULL, 1, 2000, '0.8 x 5.5 x 8.3', 'Paperback', '0316491977', 1),
    (189, 'Effective Java', 2, NULL, 1, 2008, '1.0 x 7.4 x 9.3', 'Paperback', '0321356683', 95),
    (190, 'Code: The Hidden Language of Computer Hardware and Software', 2, NULL, 1, 2000, '0.9 x 6.0 x 8.9', 'Paperback', '0735611319', 111),
    (191, 'The Art of Deception: Controlling the Human Element of Security', 2, NULL, 1, 2003, '1.0 x 6.0', 'Paperback', '076454280X', 107),
    (192, 'Computer Networking: A Top-Down Approach (5th Edition)', 2, NULL, 1, 2009, '9.3 x 1.4 x 7.6', 'Hardcover', '0136079679', 112),
    (193, 'Beginning Programming for Dummies?', 2, NULL, 1, 1999, '1.0 x 7.3 x 9.2', 'Paperback', '0764505963', 96),
    (194, 'The Age of Spiritual Machines: When Computers Exceed Human Intelligence', 2, NULL, 1, 1999, '1.4 x 6.5 x 9.6', 'Hardcover', '0670882178', 113),
    (195, 'Tcp/IP Illustrated, Volume 1: The Protocols', 2, NULL, 1, 1994, '1.1 x 7.7 x 9.4', 'Hardcover', '0201633469', 85),
    (196, 'Starting an Online Business for Dummies', 2, NULL, 1, 2010, '0.9 x 7.5 x 9.2', 'Paperback', '0470602104', 96),
    (197, 'Refactoring: Improving the Design of Existing Code', 2, NULL, 1, 1999, '1.1 x 7.6 x 9.4', 'Hardcover', '0201485672', 85),
    (198, 'The Animator''s Survival Kit: A Manual of Methods, Principles and Formulas for Classical, Computer, Games, Stop Motion and Internet Animators', 2, NULL, 1, 2012, '1.0 x 9.3 x 10.8', 'Paperback', '086547897X', 114),
    (199, 'Networking All-In-One for Dummies', 2, NULL, 1, 2016, '1.9 x 7.3 x 9.2', 'Paperback', '1119154723', 96),
    (200, 'Operating System Concepts', 2, NULL, 1, 2008, '1.5 x 7.2 x 9.9', 'Hardcover', '0470128720', 115),
    (201, 'Applied Cryptography: Protocols, Algorithms, and Source Code in C', 2, NULL, 1, 1996, '1.7 x 7.3 x 9.3', 'Paperback', '0471117099', 107),
    (202, 'Learning PHP, MySQL, and JavaScript: A Step-By-Step Guide to Creating Dynamic Websites', 2, NULL, 1, 2009, '1.1 x 7.0 x 9.2', 'Paperback', '0596157134', 86),
    (203, 'Introduction to the Theory of Computation', 2, NULL, 1, 2005, '0.9 x 6.5 x 9.6', 'Hardcover', '0534950973', 116),
    (204, 'Excel VBA Programming for Dummies', 2, NULL, 1, 2010, '0.8 x 7.0 x 9.9', 'Paperback', '0470503696', 96),
    (205, 'Compilers', 2, NULL, 1, 1985, '1.4 x 6.6 x 9.5', 'Hardcover', '0201100886', 89),
    (206, 'Computer Organization and Design: The Hardware/Software Interface [With CDROM]', 2, NULL, 1, 2011, '1.4 x 7.5 x 9.2', 'Paperback', '0123747503', 117),
    (207, 'Computers for Seniors for Dummies', 2, NULL, 1, 2017, '1.0 x 7.3 x 9.1', 'Paperback', '1119420318', 96),
    (208, 'Digital SLR Cameras & Photography for Dummies', 2, NULL, 1, 2005, '0.7 x 7.4 x 9.2', 'Paperback', '0764598031', 96),
    (209, 'Design Patterns: Elements of Reusable Object-Oriented Software', 2, NULL, 1, 1994, '1.1 x 7.6 x 9.3', 'Hardcover', '0201633612', 85),
    (210, 'Code Complete', 2, NULL, 1, 2004, '2.0 x 7.3 x 8.9', 'Paperback', '0735619670', 111),
    (211, 'Thinking in Systems: International Bestseller', 2, NULL, 1, 2008, '0.7 x 6.0 x 8.9', 'Paperback', '1603580557', 118),
    (212, 'Alan Turing: The Enigma: The Book That Inspired the Film the Imitation Game - Updated Edition', 2, NULL, 1, 2014, '2.2 x 5.0 x 7.7', 'Paperback', '069116472X', 119),
    (213, 'The Innovators: How a Group of Hackers, Geniuses, and Geeks Created the Digital Revolution', 2, NULL, 1, 2014, '1.7 x 6.4 x 9.3', 'Hardcover', '147670869X', 2),
    (214, 'The Non-Designer''s Design Book', 2, NULL, 1, 2004, '0.3 x 7.0 x 10.0', 'Paperback', '0321193857', 90),
    (215, 'The C Programming Language', 2, NULL, 1, 1978, '0.4 x 6.9 x 9.2', 'Paperback', '0131101633', 91),
    (216, 'Comptia Network+ All-In-One Exam Guide (Exam N10-006)', 2, NULL, 1, 2015, '2.0 x 7.6 x 9.1', 'Hardcover', '0071848223', 86),
    (217, 'Artificial Intelligence: A Modern Approach', 2, NULL, 1, 2015, '1.9 x 10.0 x 8.0', 'Paperback', '9332543518', 112),
    (218, 'Mastering Regular Expressions', 2, NULL, 1, 1997, '0.8 x 7.0 x 9.2', 'Paperback', '1565922573', 86),
    (219, 'Designing Brand Identity: An Essential Guide for the Entire Branding Team', 2, NULL, 1, 2009, '0.9 x 8.8 x 11.0', 'Hardcover', '0470401427', 115),
    (220, 'SQL in 10 Minutes, Sams Teach Yourself', 2, NULL, 1, 2012, '0.7 x 5.5 x 8.3', 'Paperback', '0672336073', 120),
    (221, 'SQL for Dummies', 2, NULL, 1, 2010, '1.1 x 7.3 x 9.0', 'Paperback', '0470557419', 96),
    (222, 'The Emperor''s New Mind: Concerning Computers, Minds, and the Laws of Physics', 2, NULL, 1, 1989, '9.8 x 1.5 x 6.5', 'Hardcover', '0198519737', 121),
    (223, 'Excel Formulas and Functions for Dummies', 2, NULL, 1, 2010, '0.8 x 7.4 x 9.3', 'Paperback', '047056816X', 96),
    (224, 'iPad for Seniors for Dummies', 2, NULL, 1, 2013, '0.9 x 7.3 x 9.1', 'Paperback', '1118728262', 96),
    (225, 'Head First Design Patterns: A Brain-friendly Guide', 2, NULL, 1, 2004, '9.3 x 1.4 x 8.0', 'Paperback', '0596007124', 86),
    (226, 'Python Pocket Reference', 2, NULL, 1, 1998, '0.3 x 4.3 x 7.0', 'Paperback', '1565925009', 86),
    (227, 'Discovering Statistics Using IBM SPSS Statistics', 2, NULL, 1, 2013, '2.0 x 7.0 x 10.0', 'Paperback', '1446249182', 122),
    (228, 'Learning the Bash Shell', 2, NULL, 1, 1995, '0.8 x 7.1 x 9.3', 'Paperback', '156592147X', 86),
    (229, 'The Data Warehouse Toolkit: The Complete Guide to Dimensional Modeling', 2, NULL, 1, 2002, '1.0 x 7.7 x 9.1', 'Paperback', '0471200247', 107),
    (230, 'Python Programming for the Absolute Beginner', 2, NULL, 1, 2003, '1.0 x 7.4 x 9.1', 'Paperback', '1592000738', 123),
    (231, 'Computer Architecture: A Quantitative Approach', 2, NULL, 1, 1990, '1.5 x 7.6 x 9.5', 'Hardcover', '1558600698', 117),
    (232, 'Effective C++: 50 Specific Ways to Improve Your Programs and Designs', 2, NULL, 1, 1992, '0.6 x 7.4 x 9.2', 'Paperback', '0201563649', 89),
    (233, 'Learning SQL: Master SQL Fundamentals', 2, NULL, 1, 2009, '0.7 x 6.9 x 9.0', 'Paperback', '0596520832', 86),
    (234, 'Python Programming: An Introduction to Computer Science', 2, NULL, 1, 2010, '1.0 x 7.5 x 9.2', 'Paperback', '1590282418', 124),
    (235, 'Javascript: The Good Parts: The Good Parts', 2, NULL, 1, 2008, '0.4 x 7.0 x 9.3', 'Paperback', '0596517742', 125),
    (236, 'The Little SAS Book: A Primer, Fifth Edition', 2, NULL, 1, 2012, '0.8 x 7.4 x 8.9', 'Paperback', '1612903436', 126),
    (237, 'Python in a Nutshell', 2, NULL, 1, 2003, '1.1 x 6.0 x 9.1', 'Paperback', '0596001886', 86),
    (238, 'Getting Started with Arduino', 2, NULL, 1, 2008, '0.4 x 5.5 x 8.4', 'Paperback', '0596155514', 86),
    (239, 'Linux Pocket Guide', 2, NULL, 1, 2004, '0.4 x 4.4 x 7.1', 'Paperback', '0596006284', 86),
    (240, 'sed & awk: UNIX Power Tools', 2, NULL, 1, 1997, '1.0 x 6.9 x 9.0', 'Paperback', '1565922255', 86),
    (241, 'Complete Digital Photography', 2, NULL, 1, 2012, '1.6 x 7.4 x 9.1', 'Paperback', '1285077261', 123),
    (242, 'Information Architecture for the World Wide Web', 2, NULL, 1, 2007, '1.1 x 7.0 x 9.2', 'Paperback', '0596527349', 86),
    (243, 'Data Structures and Algorithms', 2, NULL, 1, 1983, '0.9 x 6.3 x 9.2', 'Paperback', '0201000237', 112),
    (244, 'Programming Python', 2, NULL, 1, 2006, '2.5 x 7.1 x 9.1', 'Paperback', '0596009259', 86),
    (245, 'Modern Operating Systems', 2, NULL, 1, 2001, '1.6 x 7.1 x 9.8', 'Hardcover', '0130313580', 93),
    (246, 'JavaScript for Dummies [With CDROM]', 2, NULL, 1, 2000, '1.1 x 7.4 x 9.2', 'Paperback', '0764506331', 96),
    (247, 'Security Analysis: Fifth Edition', 2, NULL, 1, 1988, '1.9 x 6.2 x 9.6', 'Hardcover', '0070132356', 127),
    (248, 'Digital Photography for Dummies [With CD-ROM]', 2, NULL, 1, 2002, '0.8 x 7.4 x 9.3', 'Paperback', '0764516647', 96),
    (249, 'Genealogy Online for Dummies [With CDROM]', 2, NULL, 1, 2008, '0.9 x 7.5 x 9.2', 'Paperback', '0470240571', 96),
    (250, 'Hacking for Dummies', 2, NULL, 1, 2004, '0.9 x 7.4 x 9.3', 'Paperback', '076455784X', 96),
    (251, 'iPhone for Dummies', 2, NULL, 1, 2019, '0.9 x 7.4 x 9.2', 'Paperback', '1119607965', 96),
    (252, 'Computer Networks', 2, NULL, 1, 1996, '1.4 x 7.2 x 9.4', 'Hardcover', '0133499456', 91),
    (253, 'Laptops for Seniors for Dummies', 2, NULL, 1, 2010, '1.0 x 7.4 x 9.2', 'Paperback', '0470578300', 128),
    (254, 'Podcasting for Dummies', 2, NULL, 1, 2024, '', 'Paperback', '1394264526', 96),
    (255, 'C++ for Dummies [With CDROM]', 2, NULL, 1, 2009, '0.9 x 7.4 x 9.2', 'Paperback', '0470317264', 96),
    (256, 'About Face 3: The Essentials of Interaction Design', 2, NULL, 1, 2007, '1.4 x 7.4 x 9.3', 'Paperback', '0470084111', 115),
    (257, 'C++ All-In-One for Dummies [With CDROM]', 2, NULL, 1, 2009, '1.9 x 7.3 x 9.1', 'Paperback', '0470317353', 96),
    (258, 'Linux in a Nutshell', 2, NULL, 1, 2003, '1.7 x 6.1 x 9.0', 'Paperback', '0596004826', 86),
    (259, 'Advanced Programming in the Unix (R) Environment', 2, NULL, 1, 1992, '2.0 x 7.7 x 9.6', 'Hardcover', '0201563177', 85),
    (260, 'Home Recording for Musicians for Dummies', 2, NULL, 1, 2010, '1.0 x 7.3 x 9.1', 'Paperback', '0470385421', 128),
    (261, 'Programming Pearls', 2, NULL, 1, 1986, '0.5 x 6.1 x 9.2', 'Paperback', '0201103311', 85),
    (262, 'Macs for Seniors for Dummies', 2, NULL, 1, 2016, '0.8 x 7.3 x 9.1', 'Paperback', '1119245508', 96),
    (263, 'SQL Pocket Guide: A Guide to SQL Usage', 2, NULL, 1, 2010, '7.0 x 0.5 x 4.3', 'Paperback', '1449394094', 86),
    (264, 'Understanding the Linux Kernel, Third Edition', 2, NULL, 1, 2005, '9.2 x 1.8 x 7.0', 'Paperback', '0596005652', 86),
    (265, 'Database Systems: Design, Implementation, and Management [With Access Code]', 2, NULL, 1, 2012, '1.2 x 8.7 x 11.1', 'Hardcover', '1111969604', 116),
    (266, 'The Ultimate French Review and Practice [With CDROM]', 2, NULL, 1, 2010, '1.0 x 7.0 x 10.0', 'Paperback', '0071744142', 84),
    (267, 'Modern Recording Techniques', 2, NULL, 1, 2009, '1.3 x 7.5 x 9.0', 'Paperback', '0240810694', 129),
    (268, 'CompTIA A+ Certification Exam Guide [With CDROM]', 2, NULL, 1, 2006, '2.4 x 7.7 x 9.3', 'Hardcover', '0072263113', 130),
    (269, 'Algebra 2, Student Edition', 2, NULL, 1, 2002, '1.4 x 8.7 x 11.3', 'Hardcover', '0078279992', 127),
    (270, 'Complexity: The Emerging Science at the Edge of Order and Chaos', 2, NULL, 1, 1992, '0.9 x 5.6 x 8.5', 'Paperback', '0671872346', 2),
    (271, 'Electrical Engineering: Principles and Applications [With CDROM]', 2, NULL, 1, 2007, '1.6 x 9.4 x 8.1', 'Hardcover', '0131989227', 93),
    (272, 'Structural Analysis', 2, NULL, 1, 2008, '1.2 x 8.2 x 9.1', 'Hardcover', '0136020607', 93),
    (273, 'The New Rules of Marketing and PR: How to Use Social Media, Online Video, Mobile Applications, Blogs, News Releases, and Viral Marketing to Reach Buye', 2, NULL, 1, 2015, '1.4 x 6.0 x 8.8', 'Paperback', '1119070481', 107),
    (274, 'Head First PMP', 2, NULL, 1, 2007, '1.3 x 8.1 x 9.3', 'Paperback', '0596102348', 86),
    (275, 'Construction Management Jumpstart', 2, NULL, 1, 2004, '0.8 x 7.5 x 9.1', 'Paperback', '0782143369', 131),
    (276, 'A New Kind of Science', 2, NULL, 1, 2002, '2.5 x 8.1 x 9.7', 'Hardcover', '1579550088', 132),
    (277, 'Blogging All-In-One for Dummies', 2, NULL, 1, 2010, '1.6 x 7.4 x 9.2', 'Paperback', '0470573775', 96),
    (278, 'Multiple Streams of Internet Income: How Ordinary People Make Extraordinary Money Online', 2, NULL, 1, 2002, '0.7 x 6.4 x 9.2', 'Paperback', '047121888X', 115),
    (279, 'CompTIA A+ Certification All-In-One for Dummies [With CDROM]', 2, NULL, 1, 2009, '2.3 x 7.4 x 9.2', 'Paperback', '0470487380', 96),
    (280, 'Metamagical Themas', 2, NULL, 1, 1985, '', 'Hardcover', '0465045405', 26),
    (281, 'How Computers Work', 2, NULL, 1, 2007, '10.0 x 1.0 x 8.3', 'Paperback', '0789736136', 133),
    (282, 'Stop Stealing Sheep & Find Out How Type Works', 2, NULL, 1, 1993, '0.5 x 5.7 x 8.5', 'Paperback', '0672485435', 134),
    (283, 'Content Rules: How to Create Killer Blogs, Podcasts, Videos, Ebooks, Webinars (and More) That Engage Customers and Ignite Your Business (New Rules Social Media Series)', 2, NULL, 1, 2010, '9.1 x 1.0 x 6.2', 'Hardcover', '0470648287', 107),
    (284, 'I Kissed Shara Wheeler', 4, NULL, 1, 2022, '1.4 x 5.6 x 8.5', 'Hardcover', '1250244455', 135),-----P#
    (285, 'Last Night at the Telegraph Club', 4, NULL, 1, 2021, '1.2 x 5.5 x 8.2', 'Paperback', '0525555277', 136),
    (286, 'What If It''s Us', 4, NULL, 1, 2020, '1.2 x 5.1 x 7.7', 'Paperback', '0062795236', 137),
    (287, 'We Are Okay', 4, NULL, 1, 2019, '0.7 x 5.1 x 7.9', 'Paperback', '0142422932', 10),
    (288, 'One Last Stop', 4, NULL, 1, 2021, '1.2 x 5.3 x 8.1', 'Paperback', '1250244498', 138),
    (289, 'Running with Scissors: A Memior', 4, NULL, 1, 2002, '0.8 x 6.2 x 9.2', 'Paperback', '0312938853', 17),
    (290, 'Fun Home: A Family Tragicomic', 4, NULL, 1, 2007, '9.0 x 0.7 x 6.0', 'Paperback', '0618871713', 139),
    (291, 'Beyond the Gender Binary', 4, NULL, 1, 2020, '0.4 x 4.4 x 6.2', 'Paperback', '0593094654', 140),
    (292, 'Rubyfruit Jungle', 4, NULL, 1, 1983, '6.9 x 0.7 x 4.2', 'Mass Market Paperback', '055327886X', 32),
    (293, 'The Charm Offensive', 4, NULL, 1, 2021, '0.9 x 5.3 x 8.1', 'Paperback', '1982170719', 20),
    (294, 'Brokeback Mountain: Now a Major Motion Picture', 4, NULL, 1, 2005, '0.4 x 4.8 x 7.1', 'Paperback', '0743271327', 141),
    (295, 'And the Band Played on: Politics, People, and the AIDS Epidemic', 4, NULL, 1, 1987, '1.6 x 6.1 x 9.1', 'Hardcover', '0312009941', 17),
    (296, 'The Miseducation of Cameron Post', 4, NULL, 1, 2013, '1.1 x 5.4 x 8.0', 'Paperback', '0062020579', 142),
    (297, 'Simon vs. the Homo Sapiens Agenda Special Edition', 4, NULL, 1, 2018, '1.4 x 5.8 x 8.4', 'Hardcover', '0062839705', 142),
    (298, 'Red, White & Royal Blue', 4, NULL, 1, 2019, '1.2 x 5.4 x 8.2', 'Paperback', '1250316774', 138),
    (299, 'Cemetery Boys', 4, NULL, 1, 2020, '1.2 x 5.7 x 8.3', 'Hardcover', '1250250463', 143),
    (300, 'Sexual Personae: Art and Decadence from Nefertiti to Emily Dickinson', 4, NULL, 1, 1991, '8.0 x 1.5 x 5.1', 'Paperback', '0679735798', 41),
    (301, 'The History of Sexuality, Vol. 1: An Introduction', 4, NULL, 1, 1990, '8.0 x 0.5 x 5.2', 'Paperback', '0679724699', 41),
    (302, 'My Own Country: A Doctor''s Story', 4, NULL, 1, 1995, '1.1 x 5.2 x 8.0', 'Paperback', '0679752927', 41),
    (303, 'Founding Mothers: The Women Who Raised Our Nation', 4, NULL, 1, 2004, '1.2 x 6.6 x 9.0', 'Hardcover', '0060090251', 144),
    (304, 'Before Night Falls: 2a Memoir', 4, NULL, 1, 1993, '1.3 x 5.8 x 8.7', 'Hardcover', '0670840785', 19),
    (305, 'You Know Me Well', 4, NULL, 1, 2016, '1.1 x 5.8 x 8.1', 'Hardcover', '1250098645', 138),
    (306, 'Anatomy of Love: The Natural History of Monogamy, Adultery, and Divorce', 4, NULL, 1, 1992, '1.4 x 6.5 x 9.5', 'Hardcover', '0393034232', 95),
    (307, 'Keeping You a Secret', 4, NULL, 1, 2005, '0.8 x 5.6 x 8.3', 'Paperback', '0316009857', 145),
    (308, 'Why Be Happy When You Could Be Normal?', 4, NULL, 1, 2012, '0.7 x 5.2 x 8.0', 'Paperback', '0307401251', 146),
    (309, 'The Blackwater Lightship', 4, NULL, 1, 2000, '0.8 x 6.2 x 9.2', 'Paperback', '0771085613', 147),
    (310, 'Borrowed Time: AIDS Memo', 4, NULL, 1, 1990, '1.0 x 5.2 x 8.0', 'Paperback', '0380707799', 56),
    (311, 'The Laramie Project', 4, NULL, 1, 2001, '0.3 x 5.3 x 8.1', 'Paperback', '0375727191', 146),
    (312, 'When Everything Changed: The Amazing Journey of American Women from 1960 to the Present', 4, NULL, 1, 2010, '1.3 x 5.5 x 8.2', 'Paperback', '0316014044', 1),
    (313, 'The Line of Beauty', 4, NULL, 1, 2005, '1.2 x 5.5 x 8.4', 'Paperback', '1582346100', 38),
    (314, 'Rainbow Boys', 4, NULL, 1, 2003, '0.7 x 5.5 x 8.2', 'Paperback', '0689857705', 148),
    (315, 'Palimpsest: A Memoir', 4, NULL, 1, 1995, '9.8 x 1.8 x 7.0', 'Hardcover', '0679440380', 5),
    (316, 'Intimate Matters: A History of Sexuality in America', 4, NULL, 1, 1989, '1.2 x 5.3 x 8.0', 'Hardcover', '0060158557', 56),
    (317, 'Six of One', 4, NULL, 1, 1999, '0.8 x 6.2 x 9.2', 'Paperback', '0553380370', 12),
    (318, 'Becoming a Man: Half a Life Story', 4, NULL, 1, 1993, '0.8 x 5.3 x 8.0', 'Paperback', '0062507249', 21),
    (319, 'Sexual Politics', 4, NULL, 1, 1971, '0.8 x 6.2 x 9.2', 'Paperback', 'B000NB9XK4', 149),
    (320, 'Heather Has Two Mommies', 4, NULL, 1, 2015, '0.2 x 8.5 x 10.9', 'Hardcover', '0763666319', 150);

-- Chèn dữ liệu vào bảng book_author
INSERT INTO book_author (product_id, author_id) VALUES
(1, 1),
(2, 2),
(3, 3),
(4, 4),
(5, 5),
(6, 6),
(7, 7),
(8, 8),
(9, 9),
(10, 10),
(11, 11),
(12, 12),
(13, 13),
(14, 14),
(15, 15),
(16, 16),
(17, 17),
(18, 18),
(19, 14),
(20, 19),
(21, 20),
(22, 21),
(23, 22),
(24, 23),
(25, 24),
(26, 25),
(27, 26),
(28, 27),
(29, 28),
(30, 29),
(31, 30),
(32, 31),
(33, 32),
(34, 33),
(35, 34),
(36, 35),
(37, 36),
(38, 37),
(39, 38),
(40, 39),
(41, 40),
(42, 41),
(43, 42),
(44, 43),
(45, 44),
(46, 45),
(47, 46),
(48, 47),
(49, 48),
(50, 49),
(51, 50),
(52, 51),
(53, 52),
(54, 53),
(55, 54),
(56, 41),
(57, 52),
(58, 55),
(59, 9),
(60, 56),
(61, 57),
(62, 58),
(63, 58),
(64, 60),
(65, 61),
(66, 62),
(67, 63),
(68, 64),
(69, 65),
(70, 66),
(71, 67),
(72, 68),
(73, 69),
(74, 70),
(75, 71),
(76, 72),
(77, 73),
(78, 74),
(79, 75),
(80, 76),
(81, 77),
(82, 78),
(83, 79),
(84, 80),
(85, 53),
(86, 81),
(87, 69),
(88, 82),
(89, 54),
(90, 83),
(91, 76),
(92, 84),
(93, 85),
(94, 86),
(95, 87),
(96, 88),
(97, 89),
(98, 23),
(99, 90),
(100, 91),
(101, 92),
(102, 93),
(103, 94),
(104, 95),
(105, 96),
(106, 97),
(107, 53),
(108, 41),
(109, 98),
(110, 99),
(111, 100),
(112, 101),
(113, 102),
(114, 60),
(115, 80),
(116, 103),
(117, 104),
(118, 52),
(119, 105),
(120, 106),
(121, 107),
(122, 108),
(123, 8),
(124, 109),
(125, 76),
(126, 11),
(127, 54),
(128, 14),
(129, 110),
(130, 111),
(131, 2),
(132, 112),
(133, 80),
(134, 113),
(135, 114),
(136, 115),
(137, 116),
(138, 107),
(139, 117),
(140, 118),
(141, 119),
(142, 120),
(143, 121),
(144, 122),
(145, 123),
(146, 124),
(147, 125),
(148, 126),
(149, 127),
(150, 128),
(151, 129),
(152, 130),
(153, 131),
(154, 132),
(155, 133),
(156, 134),
(157, 135),
(158, 136),
(159, 137),
(160, 138),
(161, 139),
(162, 140),
(163, 141),
(164, 142),
(165, 143),
(166, 144),
(167, 145),
(168, 143),
(169, 138),
(170, 146),
(171, 147),
(172, 148),
(173, 149),
(174, 150),
(175, 151),
(176, 152),
(177, 153),
(178, 154),
(179, 155),
(180, 156),
(181, 157),
(182, 158),
(183, 159),
(184, 160),
(185, 161),
(186, 162),
(187, 163),
(188, 164),
(189, 165),
(190, 166),
(191, 167),
(192, 168),
(193, 169),
(194, 170),
(195, 171),
(196, 172),
(197, 173),
(198, 174),
(199, 175),
(200, 176),
(201, 177),
(202, 178),
(203, 179),
(204, 180),
(205, 181),
(206, 182),
(207, 183),
(208, 184),
(209, 185),
(210, 186),
(211, 187),
(212, 188),
(213, 189),
(214, 190),
(215, 191),
(216, 192),
(217, 193),
(218, 194),
(219, 195),
(220, 196),
(221, 197),
(222, 198),
(223, 199),
(224, 183),
(225, 200),
(226, 126),
(227, 201),
(228, 202),
(229, 203),
(230, 204),
(231, 205),
(232, 206),
(233, 207),
(234, 208),
(235, 209),
(236, 210),
(237, 211),
(238, 212),
(239, 213),
(240, 133),
(241, 214),
(242, 215),
(243, 126),
(244, 216),
(245, 217),
(246, 218),
(247, 219),
(248, 220),
(249, 221),
(250, 222),
(251, 223),
(252, 217),
(253, 183),
(254, 224),
(255, 225),
(256, 226),
(257, 227),
(258, 228),
(259, 171),
(260, 229),
(261, 230),
(262, 231),
(263, 232),
(264, 233),
(265, 234),
(266, 235),
(267, 236),
(268, 237),
(269, 238),
(270, 239),
(271, 240),
(272, 241),
(273, 242),
(274, 243),
(275, 244),
(276, 245),
(277, 246),
(278, 247),
(279, 128),
(280, 248),
(281, 249),
(282, 250),
(283, 251),
(284, 252),
(285, 253),
(286, 254),
(287, 255),
(288, 252),
(289, 256),
(290, 257),
(291, 258),
(292, 259),
(293, 260),
(294, 261),
(295, 262),
(296, 263),
(297, 252),
(298, 264),
(299, 265),
(300, 266),
(301, 267),
(302, 268),
(303, 269),
(304, 270),
(305, 271),
(306, 272),
(307, 273),
(308, 274),
(309, 275),
(310, 276),
(311, 277),
(312, 278),
(313, 279),
(314, 280),
(315, 281),
(316, 259),
(317, 276),
(318, 282),
(319, 283),
(320, 284);
-- order product:
INSERT INTO brands (brand_name,brand_origin,brand_image) VALUES
('DELI', 'VietNam','https://encrypted-tbn0.gstatic.com/images?q=tbn:ANd9GcQXqKLdgGoUkh2AukTEUuIPu2XThmyXgXGi_gjlfAH2vg&s'),
(N'Thiên Long','VietNam','https://encrypted-tbn0.gstatic.com/images?q=tbn:ANd9GcTOGvQG2wglR1HNd-Swkxn9vejZHG0Vk7zkT8qoN0ltvA&s'),
('Flexio','VietNam','https://encrypted-tbn0.gstatic.com/images?q=tbn:ANd9GcTMbfhWTxsKAUQRP-WRgl6U2WRJ6EpQLHNsLDptLKPd0Y05sKj3cEkaF5xtgaidnEdTTeY&usqp=CAU'),
('Sharpie','VietNam','https://d1yjjnpx0p53s8.cloudfront.net/styles/logo-thumbnail/s3/0003/3142/brand.gif?itok=_VzvHsjl'),
('IK','INDO','https://t3.ftcdn.net/jpg/01/06/39/70/360_F_106397042_OgrvmzjSUHrLEgaXnhNnN8lpRqgOXJpm.jpg'),
('Flexoffice','USA','https://encrypted-tbn0.gstatic.com/images?q=tbn:ANd9GcQLd_IGvERiijUj3tpFhXsA-OjDS7-D82mUFJZ9dA3h_g&s'),
(N'Điểm 10','VietNam','https://yt3.googleusercontent.com/ytc/AIdro_mEMMidHQITCfKDczKjFpgO0tma7EB81UXi5ftV5AXQWA=s900-c-k-c0x00ffffff-no-rj');
INSERT INTO others_products(product_id,others_product_name,others_product_description,others_product_brand_id,others_product_color,others_product_material,others_product_weight,others_product_size) VALUES
    (321, N'BÚT GEL DELI HÌNH MÈO 0.5mm', 'NULL', 1, 'Normal', 'Platic', '10.30', '0.5mm'),
    (322, N'CHÌ MÀU NHỰA 12 MÀU EC112-12', 'NULL', 1, 'Normal', 'wood', '8.30', '0.5mm'),
    (323, N'BÚT CHÌ 12 MÀU EC00205', 'NULL', 1, 'Normal', 'wood', '8.30', '0.5mm'),
    (324, N'BÚT CHÌ 72 MÀU HỘP THIẾC FINENOLO', 'NULL', 1, 'Normal', 'wood', '8.30', '0.5mm'),
    (325, N'BÚT DẠ BẢNG BÉ DELI EU00630', 'NULL', 1, 'Normal', 'Platic', '8.30', '0.7mm'),
    (326, N'BÚT DẠ BẢNG DELI EU00520', 'NULL', 1, 'Normal', 'Platic', '8.30', '0.7mm'),
    (327, N'BÚT BI DELI ĐẦU NẮP ĐẬY ARROW 0.5mm EQ00820', 'NULL', 1, 'Normal', 'Platic', '8.30', '0.5mm'),
    (328, N'BÚT BI DELI ĐẬY NẮP EQ6C', 'NULL', 1, 'Normal', 'Platic', '8.30', '0.7mm'),
    (329, N'BÚT BI DELI CQ29', 'NULL', 1, 'Normal', 'Platic', '8.30', '0.7mm'),
    (330, N'BÚT BI DELI 0.5mm CQ28', 'NULL', 1, 'Normal', 'Platic', '8.30', '0.5mm'),
    (331, N'BÌA CÒNG DELI FC 9CM WF804-BL', 'NULL', 1, 'Normal', 'Platic', '18.30', '9CM'),
    (332, N'BÌA CÒNG A4 DELI 7CM W38179', 'NULL', 1, 'Normal', 'Platic', '18.30', '7CM'),
    (333, N'BÌA CÒNG A4 DELI 5CM W38178', 'NULL', 1, 'Normal', 'Platic', '18.30', '5CM'),
    (334, N'BÌA CÒNG DELI FC 7CM W38169', 'NULL', 1, 'Normal', 'Platic', '18.30', '7CM'),
    (335, N'BÌA CÒNG DELI FC 5CM W38168', 'NULL', 1, 'Normal', 'Platic', '18.30', '5CM'),
    (336, N'BÌA CÒNG DELI FC 9CM CF804-BL', 'NULL', 1, 'Normal', 'Platic', '18.30', '9CM'),
    (337, N'BÌA CÒNG A4 DELI 7CM C38179', 'NULL', 1, 'Normal', 'Platic', '18.30', '7CM'),
    (338, N'BÌA CÒNG A4 DELI 5CM C38178', 'NULL', 1, 'Normal', 'Platic', '18.30', '5CM'),
    (339, N'BÌA CÒNG DELI 7CM C38169', 'NULL', 1, 'Normal', 'Platic', '18.30', '7CM'),
    (340, N'BÌA CÒNG DELI 5CM C38168', 'NULL', 1, 'Normal', 'Platic', '18.30', '5CM'),
    (341, N'MÁY ĐỤC LỖ DELI E0105 – 15 TỜ', 'NULL', 1, 'Normal', 'Platic', '3300', '80 mm'),
    (342, N'MÁY ĐỤC LỖ DELI E0104 – 35 TỜ', 'NULL', 1, 'Normal', 'Platic', '3300', '80 mm'),
    (343, N'MÁY ĐỤC LỖ DELI E0103 – 10 TỜ', 'NULL', 1, 'Normal', 'Platic', '3300', '80 mm'),
    (344, N'MÁY ĐỤC LỖ DELI E0102 – 20 TỜ', 'NULL', 1, 'Normal', 'Platic', '3300', '80 mm'),
    (345, N'MÁY ĐỤC LỖ DELI E0150 – 100 TỜ', 'NULL', 1, 'Normal', 'Platic', '3300', '80 mm'),
    (346, N'MÁY ĐỤC LỖ DELI E0130 – 100 TỜ', 'NULL', 1, 'Normal', 'Platic', '3300', '80 mm'),
    (347, N'MÁY BẤM KIM TRUNG DELI E0394 – 80 TỜ', 'NULL', 1, 'Normal', 'Platic', '3300', '80 mm'),
    (348, N'MÁY BẤM KIM DELI E0395 – 240 TỜ', 'NULL', 1, 'Normal', 'Platic', '3300', '80 mm'),
    (349, N'DAO RỌC GIẤY TRUNG DELI E2031', 'NULL', 1, 'Normal', 'Platic', '50.30', '140 X 21 X 15.8mm'),
    (350, N'KÉO VĂN PHÒNG DELI E6010 – 210MM', 'NULL', 1, 'Normal', 'Platic', '100.30', '210MM'),
    (351, N'MÁY TÍNH DELI SƠN TÙNG MTP CD580VN', 'NULL', 1, 'Normal', 'Platic', '173', '16 x 10.8 x 2.9 cm'),
    (352, N'MÁY TÍNH DELI 12 SỐ EM130', 'NULL', 1, 'Normal', 'Platic', '173', '16 x 10.8 x 2.9 cm'),
    (353, N'MÁY TÍNH DELI 12 SỐ EM19810', 'NULL', 1, 'Normal', 'Platic', '173', '16 x 10.8 x 2.9 cm'),
    (354, N'MÁY TÍNH BỎ TÚI DELI E39217', 'NULL', 1, 'Normal', 'Platic', '173', '16 x 10.8 x 2.9 cm'),
    (355, N'MÁY TÍNH DELI 12 SỐ EM124', 'NULL', 1, 'Normal', 'Platic', '173', '16 x 10.8 x 2.9 cm'),
    (356, N'GIẤY A3 IK COPY 70GSM INDONESIA', 'NULL', 5, 'Normal', 'Papper', '2.2', 'A3'),
    (357, N'GIẤY A4 IK COPY 70GSM INDONESIA', 'NULL', 5, 'Normal', 'Papper', '2.2', 'A4'),
    (358, N'GIẤY A4 IK NATURAL 70GSM THÁI LAN', 'NULL', 5, 'Normal', 'Papper', '2.2', 'A4'),
    (359, N'GIẤY A4 IK PLUS 80GSM INDONESIA', 'NULL', 5, 'Normal', 'Papper', '2.2', 'A4'),
    (360, N'GIẤY A4 IK PLUS 70GSM INDONESIA', 'NULL', 5, 'Normal', 'Papper', '2.2', 'A4'),
    (361, N'GIẤY A4 EXCEL 70GSM INDONESIA', 'NULL', 1, 'Normal', 'Papper', '2.2', 'A4'),
    (362, N'GIẤY A4 DOUBLE A 80GSM THÁI LAN', 'NULL', 1, 'Normal', 'Papper', '2.2', 'A4'),
    (363, N'GIẤY A5 DOUBLE A 70GSM THÁI LAN', 'NULL', 1, 'Normal', 'Papper', '2.2', 'A5'),
    (364, N'GIẤY A4 PAPER ONE 70GSM INDONESIA', 'NULL', 1, 'Normal', 'Papper', '2.2', 'A4'),
    (365, N'GIẤY A3 PAPER ONE 80GSM INDONESIA', 'NULL', 1, 'Normal', 'Papper', '2.2', 'A3'),
    (366, N'Bìa nút F4 Flexoffice FO-CBF016', 'NULL', 6, 'Normal', 'Platic', '18.2', '7CM'),
    (367, N'Bút lông dầu Bizner BIZ-PM01', 'NULL', 1, 'Normal', 'Platic', '8.2', '0.7mm'),
    (368, N'Bút xóa FlexOffice FO-CP02VN', 'NULL', 1, 'Normal', 'Platic', '15.2', '0.7mm'),
    (369, N'Ream giấy A3 70 gsm IK Copy', 'NULL', 5, 'Normal', 'Papper', '3.2', 'A3'),
    (370, N'Ream giấy A3 80 gsm IK Copy', 'NULL', 5, 'Normal', 'Papper', '3.2', 'A3'),
    (371, N'Ream giấy A4 70 gsm IK Copy', 'NULL', 5, 'Normal', 'Papper', '3.2', 'A4'),
    (372, N'Ream giấy A4 80 gsm IK Copy', 'NULL', 5, 'Normal', 'Papper', '3.2', 'A4'),
    (373, N'Ream giấy A5 70 gsm IK Copy', 'NULL', 5, 'Normal', 'Papper', '3.2', 'A5'),
    (374, N'Bút Lông Dầu Sharpie Fine Nâu 30037', 'NULL', 4, 'Normal', 'Platic', '9.3', '0.7 mm'),
    (375, N'Bút gel không lem Sharpie S-Gel 0.7 mm', 'NULL', 4, 'Normal', 'Platic', '9.3', '0.7 mm'),
    (376, N'Bút lông dầu Sharpie Twin Tip Xanh Lá 32204', 'NULL', 4, 'Normal', 'Platic', '9.3', '0.7 mm'),
    (377, N'Bút lông dầu Sharpie Twin Tip Magenta 1783340', 'NULL', 4, 'Normal', 'Platic', '9.3', '0.7 mm'),
    (378, N'Bút lông dầu Sharpie Twin Tip Đỏ 32202', 'NULL', 4, 'Normal', 'Platic', '9.3', '0.7 mm'),
    (379, N'Dao rọc giấy Thiên Long - Khóa tự động thông minh', 'NULL', 2, 'Normal', 'Platic', '49.3', '140 X 21 X 15.8 mm'),
    (380, N'Kẹp bướm công thái học Thiên Long', 'NULL', 2, 'Normal', 'steel', '9.3', '0.7 mm'),
    (381, N'Ống cắm bút - Khay giấy notes Thiên Long', 'NULL', 2, 'Normal', 'Platic', '19.3', '8.7 mm'),
    (382, N'Lốc 2 Pin đại D Flexio BAC-R20/2', 'NULL', 3, 'Normal', 'Platic', '19.3', '8.7 mm'),
    (383, N'Lốc 4 Pin AA Flexio BAC-R6/4', 'NULL', 3, 'Normal', 'Platic', '19.3', '8.7 mm'),
    (384, N'Lốc 4 Pin AAA Flexio BAC-R03/4', 'NULL', 3, 'Normal', 'Platic', '19.3', '8.7 mm'),
    (385, N'Sổ lò xo đường kẻ ngang B5 Thiên Long', 'NULL', 2, 'Normal', 'Papper', '19.3', '8.7 mm'),
    (386, N'Sổ lò xo đường kẻ ngang A5 Thiên Long', 'NULL', 2, 'Normal', 'Papper', '19.3', '8.7 mm'),
    (387, N'Băng keo - Băng dính kéo 2 mặt Thiên Long GT-001', 'NULL', 2, 'Normal', 'Platic', '19.3', '8.7 mm'),
    (388, N'Bút chì bấm Thiên Long PC-0301', 'NULL', 2, 'Normal', 'Platic', '8.3', '0.7 mm'),
    (389, N'Bìa còng Flexoffice 50F4 FO-BC13', 'NULL', 6, 'Normal', 'Platic', '8.3', '0.7 mm'),
    (390, N'Bút lông dầu Thiên Long PM-04', 'NULL', 2, 'Normal', 'Platic', '8.3', '0.7 mm'),
    (391, N'Mực bút lông bảng Thiên Long WBI-01', 'NULL', 2, 'Normal', 'Platic', '18.3', '23 x 15.8 mm'),
    (392, N'Bìa nút F4 Flexoffice FO-CBF017', 'NULL', 6, 'Normal', 'Platic', '8.3', '0.7 mm'),
    (393, N'Bút Bi Flexoffice FO-03', 'NULL', 6, 'Normal', 'Platic', '8.3', '0.7 mm'),
    (394, N'Bút Bi Thiên Long TL-027', 'NULL', 2, 'Normal', 'Platic', '8.3', '0.7 mm'),
    (395, N'Bút Bi Thiên Long TL-079', 'NULL', 2, 'Normal', 'Platic', '8.3', '0.7 mm'),
    (396, N'Bút bi Điểm 10 TP-06', 'NULL', 7, 'Normal', 'Platic', '8.3', '0.7 mm'),
    (397, N'Bút Bi Thiên Long TL-093', 'NULL', 2, 'Normal', 'Platic', '8.3', '0.7 mm'),
    (398, N'Bút lông bảng Thiên Long WB-03', 'NULL', 2, 'Normal', 'Platic', '8.3', '0.7 mm'),
    (399, N'Ống mực Điểm 10 FPIC-02', 'NULL', 7, 'Normal', 'Platic', '14.3', '23 x 15.8 mm'),
    (400, N'Bút chì gỗ Thiên Long GP-018', 'NULL', 2, 'Normal', 'Platic', '8.3', '0.7 mm'),
    (401, N'Bút Bi Flexoffice FO-023', 'NULL', 6, 'Normal', 'Platic', '8.3', '0.7 mm'),
    (402, N'Bút lông dầu Thiên Long PM-09', 'NULL', 2, 'Normal', 'Platic', '8.3', '0.7 mm'),
    (403, N'Bút lông kim Thiên Long-Doraemon FL-04/DO', 'NULL', 2, 'Normal', 'Platic', '8.3', '0.7 mm'),
    (404, N'Ruột bút bi Thiên Long BPR-08', 'NULL', 2, 'Normal', 'Platic', '8.3', '0.7 mm'),
    (405, N'Ruột bút bi Thiên Long BPR-05', 'NULL', 2, 'Normal', 'Platic', '8.3', '0.7 mm'),
    (406, N'Bút Gel Điểm 10 xóa được TP-GELE01', 'NULL', 7, 'Normal', 'Platic', '8.3', '0.7 mm');

-- Bảng Nhập kho
INSERT INTO stock_in (inflow_date, employee_id, tolal_amount_in, note_in) VALUES
('2024-05-01', 9, 5000000.00, 'Received additional stock for upcoming promotion.'),
('2024-05-02', 10, 6000000.00, 'Received new product samples for testing.'),
('2024-05-03', 11, 6000000.00, 'Received supplies for upcoming production run.'),
('2024-05-04', 12, 6000000.00, 'Received seasonal merchandise for upcoming holiday.'),
('2024-05-05', 13, 6000000.00, 'Received promotional items for marketing campaign.'),
('2024-05-06', 1, 6000000.00, 'Received additional inventory for high-demand products.'),
('2024-05-07', 2, 6000000.00, 'Received re-stocked items from warehouse.'),
('2024-05-08', 3, 6000000.00, 'Received inventory for store expansion.'),
('2024-05-08', 4, 6000000.00, 'Received emergency order due to stock shortage.'),
('2024-05-10', 5, 6000000.00, 'Received supplies for upcoming events.'),
('2024-05-11', 6, 6000000.00, 'Received seasonal merchandise for upcoming promotion.'),
('2024-05-12', 7, 6000000.00, 'Received promotional items for marketing campaign.'),
('2024-05-13', 8, 6000000.00, 'Received additional stock for upcoming sale event.'),
('2024-05-12', 9, 6000000.00, 'Received supplies for store renovation.'),
('2024-05-12', 10, 6000000.00, 'Received re-stocked items from supplier C.'),
('2024-05-16', 11, 6000000.00, 'Received inventory for upcoming event.'),
('2024-05-17', 12, 6000000.00, 'Received promotional items for product launch.'),
('2024-05-18', 13, 6000000.00, 'Received additional inventory for high-demand products.'),
('2024-05-19', 1, 6000000.00, 'Received re-stocked items from warehouse.'),
('2024-05-20', 2, 6000000.00, 'Received new product samples for testing.'),
('2024-05-21', 3, 6000000.00, 'Received supplies for upcoming production run.'),
('2024-05-22', 4, 6000000.00, 'Received seasonal merchandise for upcoming holiday.'),
('2024-05-22', 5, 6000000.00, 'Received promotional items for marketing campaign.'),
('2024-05-24', 6, 6000000.00, 'Received additional inventory for high-demand products.'),
('2024-05-25', 7, 6000000.00, 'Received re-stocked items from warehouse.'),
('2024-05-26', 8, 6000000.00, 'Received inventory for store expansion.'),
('2024-05-26', 9, 6000000.00, 'Received emergency order due to stock shortage.'),
('2024-05-28', 10, 6000000.00, 'Received supplies for upcoming events.'),
('2024-05-29', 11, 6000000.00, 'Received seasonal merchandise for upcoming promotion.'),
('2024-05-30', 12, 6000000.00, 'Received promotional items for marketing campaign.'),
('2024-05-31', 13, 8000000.00, 'Received additional stock for upcoming sale event.'),
('2024-06-01', 1, 10000000.00, 'Received supplies for store renovation.'),
('2024-06-02', 2, 20000000.00, 'Received re-stocked items from supplier C.'),
('2024-06-03', 3, 20000000.00, 'Received inventory for upcoming event.'),
('2024-06-04', 4, 20000000.00, 'Received promotional items for product launch.'),
('2024-06-05', 5, 30000000.00, 'Received additional inventory for high-demand products.'),
('2024-06-06', 6, 20000000.00, 'Received re-stocked items from warehouse.'),
('2024-06-07', 7, 20000000.00, 'Received inventory for store expansion.'),
('2024-06-08', 8, 20000000.00, 'Received emergency order due to stock shortage.'),
('2024-06-09', 9, 20000000.00, 'Received supplies for upcoming events.'),
('2024-06-10', 10, 20000000.00, 'Received seasonal merchandise for upcoming promotion.');

-- Bảng Chi tiết nhập hàng
INSERT INTO stock_in_details (stock_in_id, product_id, quantity_in, unit_price_in) VALUES
--Thêm dữ liệu cho stock_in_details tại đây--
(1, 1, 20, 25000.00),
(1, 2, 20, 25000.00),
(1, 3, 20, 25000.00),
(1, 4, 20, 25000.00),
(1, 5, 20, 25000.00),
(1, 6, 20, 25000.00),
(1, 7, 20, 25000.00),
(1, 8, 20, 25000.00),
(1, 9, 20, 25000.00),
(1, 10, 20, 25000.00),
(2, 11, 20, 30000.00),
(2, 12, 20, 30000.00),
(2, 13, 20, 30000.00),
(2, 14, 20, 30000.00),
(2, 15, 20, 30000.00),
(2, 16, 20, 30000.00),
(2, 17, 20, 30000.00),
(2, 18, 20, 30000.00),
(2, 19, 20, 30000.00),
(2, 20, 20, 30000.00),
(3, 21, 20, 30000.00),
(3, 22, 20, 30000.00),
(3, 23, 20, 30000.00),
(3, 24, 20, 30000.00),
(3, 25, 20, 30000.00),
(3, 26, 20, 30000.00),
(3, 27, 20, 30000.00),
(3, 28, 20, 30000.00),
(3, 29, 20, 30000.00),
(3, 30, 20, 30000.00),
(4, 31, 20, 30000.00),
(4, 32, 20, 30000.00),
(4, 33, 20, 30000.00),
(4, 34, 20, 30000.00),
(4, 35, 20, 30000.00),
(4, 36, 20, 30000.00),
(4, 37, 20, 30000.00),
(4, 38, 20, 30000.00),
(4, 39, 20, 30000.00),
(4, 40, 20, 30000.00),
(5, 41, 20, 30000.00),
(5, 42, 20, 30000.00),
(5, 43, 20, 30000.00),
(5, 44, 20, 30000.00),
(5, 45, 20, 30000.00),
(5, 46, 20, 30000.00),
(5, 47, 20, 30000.00),
(5, 48, 20, 30000.00),
(5, 49, 20, 30000.00),
(5, 50, 20, 30000.00),
(6, 51, 20, 30000.00),
(6, 52, 20, 30000.00),
(6, 53, 20, 30000.00),
(6, 54, 20, 30000.00),
(6, 55, 20, 30000.00),
(6, 56, 20, 30000.00),
(6, 57, 20, 30000.00),
(6, 58, 20, 30000.00),
(6, 59, 20, 30000.00),
(6, 60, 20, 30000.00),
(7, 61, 20, 30000.00),
(7, 62, 20, 30000.00),
(7, 63, 20, 30000.00),
(7, 64, 20, 30000.00),
(7, 65, 20, 30000.00),
(7, 66, 20, 30000.00),
(7, 67, 20, 30000.00),
(7, 68, 20, 30000.00),
(7, 69, 20, 30000.00),
(7, 70, 20, 30000.00),
(8, 71, 20, 30000.00),
(8, 72, 20, 30000.00),
(8, 73, 20, 30000.00),
(8, 74, 20, 30000.00),
(8, 75, 20, 30000.00),
(8, 76, 20, 30000.00),
(8, 77, 20, 30000.00),
(8, 78, 20, 30000.00),
(8, 79, 20, 30000.00),
(8, 80, 20, 30000.00),
(9, 81, 20, 30000.00),
(9, 82, 20, 30000.00),
(9, 83, 20, 30000.00),
(9, 84, 20, 30000.00),
(9, 85, 20, 30000.00),
(9, 86, 20, 30000.00),
(9, 87, 20, 30000.00),
(9, 88, 20, 30000.00),
(9, 89, 20, 30000.00),
(9, 90, 20, 30000.00),
(10, 91, 20, 30000.00),
(10, 92, 20, 30000.00),
(10, 93, 20, 30000.00),
(10, 94, 20, 30000.00),
(10, 95, 20, 30000.00),
(10, 96, 20, 30000.00),
(10, 97, 20, 30000.00),
(10, 98, 20, 30000.00),
(10, 99, 20, 30000.00),
(10, 100, 20, 30000.00),
(11, 101, 20, 30000.00),
(11, 102, 20, 30000.00),
(11, 103, 20, 30000.00),
(11, 104, 20, 30000.00),
(11, 105, 20, 30000.00),
(11, 106, 20, 30000.00),
(11, 107, 20, 30000.00),
(11, 108, 20, 30000.00),
(11, 109, 20, 30000.00),
(11, 110, 20, 30000.00),
(12, 111, 20, 30000.00),
(12, 112, 20, 30000.00),
(12, 113, 20, 30000.00),
(12, 114, 20, 30000.00),
(12, 115, 20, 30000.00),
(12, 116, 20, 30000.00),
(12, 117, 20, 30000.00),
(12, 118, 20, 30000.00),
(12, 119, 20, 30000.00),
(12, 120, 20, 30000.00),
(13, 121, 20, 30000.00),
(13, 122, 20, 30000.00),
(13, 123, 20, 30000.00),
(13, 124, 20, 30000.00),
(13, 125, 20, 30000.00),
(13, 126, 20, 30000.00),
(13, 127, 20, 30000.00),
(13, 128, 20, 30000.00),
(13, 129, 20, 30000.00),
(13, 130, 20, 30000.00),
(14, 131, 20, 30000.00),
(14, 132, 20, 30000.00),
(14, 133, 20, 30000.00),
(14, 134, 20, 30000.00),
(14, 135, 20, 30000.00),
(14, 136, 20, 30000.00),
(14, 137, 20, 30000.00),
(14, 138, 20, 30000.00),
(14, 139, 20, 30000.00),
(14, 140, 20, 30000.00),
(15, 141, 20, 30000.00),
(15, 142, 20, 30000.00),
(15, 143, 20, 30000.00),
(15, 144, 20, 30000.00),
(15, 145, 20, 30000.00),
(15, 146, 20, 30000.00),
(15, 147, 20, 30000.00),
(15, 148, 20, 30000.00),
(15, 149, 20, 30000.00),
(15, 150, 20, 30000.00),
(16, 151, 20, 30000.00),
(16, 152, 20, 30000.00),
(16, 153, 20, 30000.00),
(16, 154, 20, 30000.00),
(16, 155, 20, 30000.00),
(16, 156, 20, 30000.00),
(16, 157, 20, 30000.00),
(16, 158, 20, 30000.00),
(16, 159, 20, 30000.00),
(16, 160, 20, 30000.00),
(17, 161, 20, 30000.00),
(17, 162, 20, 30000.00),
(17, 163, 20, 30000.00),
(17, 164, 20, 30000.00),
(17, 165, 20, 30000.00),
(17, 166, 20, 30000.00),
(17, 167, 20, 30000.00),
(17, 168, 20, 30000.00),
(17, 169, 20, 30000.00),
(17, 170, 20, 30000.00),
(18, 171, 20, 30000.00),
(18, 172, 20, 30000.00),
(18, 173, 20, 30000.00),
(18, 174, 20, 30000.00),
(18, 175, 20, 30000.00),
(18, 176, 20, 30000.00),
(18, 177, 20, 30000.00),
(18, 178, 20, 30000.00),
(18, 179, 20, 30000.00),
(18, 180, 20, 30000.00),
(19, 181, 20, 30000.00),
(19, 182, 20, 30000.00),
(19, 183, 20, 30000.00),
(19, 184, 20, 30000.00),
(19, 185, 20, 30000.00),
(19, 186, 20, 30000.00),
(19, 187, 20, 30000.00),
(19, 188, 20, 30000.00),
(19, 189, 20, 30000.00),
(19, 190, 20, 30000.00),
(20, 191, 20, 30000.00),
(20, 192, 20, 30000.00),
(20, 193, 20, 30000.00),
(20, 194, 20, 30000.00),
(20, 195, 20, 30000.00),
(20, 196, 20, 30000.00),
(20, 197, 20, 30000.00),
(20, 198, 20, 30000.00),
(20, 199, 20, 30000.00),
(20, 200, 20, 30000.00),
(21, 201, 20, 30000.00),
(21, 202, 20, 30000.00),
(21, 203, 20, 30000.00),
(21, 204, 20, 30000.00),
(21, 205, 20, 30000.00),
(21, 206, 20, 30000.00),
(21, 207, 20, 30000.00),
(21, 208, 20, 30000.00),
(21, 209, 20, 30000.00),
(21, 210, 20, 30000.00),
(22, 211, 20, 30000.00),
(22, 212, 20, 30000.00),
(22, 213, 20, 30000.00),
(22, 214, 20, 30000.00),
(22, 215, 20, 30000.00),
(22, 216, 20, 30000.00),
(22, 217, 20, 30000.00),
(22, 218, 20, 30000.00),
(22, 219, 20, 30000.00),
(22, 220, 20, 30000.00),
(23, 221, 20, 30000.00),
(23, 222, 20, 30000.00),
(23, 223, 20, 30000.00),
(23, 224, 20, 30000.00),
(23, 225, 20, 30000.00),
(23, 226, 20, 30000.00),
(23, 227, 20, 30000.00),
(23, 228, 20, 30000.00),
(23, 229, 20, 30000.00),
(23, 230, 20, 30000.00),
(24, 231, 20, 30000.00),
(24, 232, 20, 30000.00),
(24, 233, 20, 30000.00),
(24, 234, 20, 30000.00),
(24, 235, 20, 30000.00),
(24, 236, 20, 30000.00),
(24, 237, 20, 30000.00),
(24, 238, 20, 30000.00),
(24, 239, 20, 30000.00),
(24, 240, 20, 30000.00),
(25, 241, 20, 30000.00),
(25, 242, 20, 30000.00),
(25, 243, 20, 30000.00),
(25, 244, 20, 30000.00),
(25, 245, 20, 30000.00),
(25, 246, 20, 30000.00),
(25, 247, 20, 30000.00),
(25, 248, 20, 30000.00),
(25, 249, 20, 30000.00),
(25, 250, 20, 30000.00),
(26, 251, 20, 30000.00),
(26, 252, 20, 30000.00),
(26, 253, 20, 30000.00),
(26, 254, 20, 30000.00),
(26, 255, 20, 30000.00),
(26, 256, 20, 30000.00),
(26, 257, 20, 30000.00),
(26, 258, 20, 30000.00),
(26, 259, 20, 30000.00),
(26, 260, 20, 30000.00),
(27, 261, 20, 30000.00),
(27, 262, 20, 30000.00),
(27, 263, 20, 30000.00),
(27, 264, 20, 30000.00),
(27, 265, 20, 30000.00),
(27, 266, 20, 30000.00),
(27, 267, 20, 30000.00),
(27, 268, 20, 30000.00),
(27, 269, 20, 30000.00),
(27, 270, 20, 30000.00),
(28, 271, 20, 30000.00),
(28, 272, 20, 30000.00),
(28, 273, 20, 30000.00),
(28, 274, 20, 30000.00),
(28, 275, 20, 30000.00),
(28, 276, 20, 30000.00),
(28, 277, 20, 30000.00),
(28, 278, 20, 30000.00),
(28, 279, 20, 30000.00),
(28, 280, 20, 30000.00),
(29, 281, 20, 30000.00),
(29, 282, 20, 30000.00),
(29, 283, 20, 30000.00),
(29, 284, 20, 30000.00),
(29, 285, 20, 30000.00),
(29, 286, 20, 30000.00),
(29, 287, 20, 30000.00),
(29, 288, 20, 30000.00),
(29, 289, 20, 30000.00),
(29, 290, 20, 30000.00),
(30, 291, 20, 30000.00),
(30, 292, 20, 30000.00),
(30, 293, 20, 30000.00),
(30, 294, 20, 30000.00),
(30, 295, 20, 30000.00),
(30, 296, 20, 30000.00),
(30, 297, 20, 30000.00),
(30, 298, 20, 30000.00),
(30, 299, 20, 30000.00),
(30, 300, 20, 30000.00),
(31, 301, 20, 40000.00),
(31, 302, 20, 40000.00),
(31, 303, 20, 40000.00),
(31, 304, 20, 40000.00),
(31, 305, 20, 40000.00),
(31, 306, 20, 40000.00),
(31, 307, 20, 40000.00),
(31, 308, 20, 40000.00),
(31, 309, 20, 40000.00),
(31, 310, 20, 40000.00),
(32, 311, 20, 50000.00),
(32, 312, 20, 50000.00),
(32, 313, 20, 50000.00),
(32, 314, 20, 50000.00),
(32, 315, 20, 50000.00),
(32, 316, 20, 50000.00),
(32, 317, 20, 50000.00),
(32, 318, 20, 50000.00),
(32, 319, 20, 50000.00),
(32, 320, 20, 50000.00),
(33, 321, 100, 20000.00),
(33, 322, 100, 20000.00),
(33, 323, 100, 20000.00),
(33, 324, 100, 20000.00),
(33, 325, 100, 20000.00),
(33, 326, 100, 20000.00),
(33, 327, 100, 20000.00),
(33, 328, 100, 20000.00),
(33, 329, 100, 20000.00),
(33, 330, 100, 20000.00),
(34, 331, 100, 20000.00),
(34, 332, 100, 20000.00),
(34, 333, 100, 20000.00),
(34, 334, 100, 20000.00),
(34, 335, 100, 20000.00),
(34, 336, 100, 20000.00),
(34, 337, 100, 20000.00),
(34, 338, 100, 20000.00),
(34, 339, 100, 20000.00),
(34, 340, 100, 20000.00),
(35, 341, 100, 20000.00),
(35, 342, 100, 20000.00),
(35, 343, 100, 20000.00),
(35, 344, 100, 20000.00),
(35, 345, 100, 20000.00),
(35, 346, 100, 20000.00),
(35, 347, 100, 20000.00),
(35, 348, 100, 20000.00),
(35, 349, 100, 20000.00),
(35, 350, 100, 20000.00),
(36, 351, 100, 20000.00),
(36, 352, 10, 400000.00),
(36, 353, 10, 400000.00),
(36, 354, 10, 400000.00),
(36, 355, 10, 400000.00),
(36, 356, 10, 400000.00),
(36, 357, 100, 20000.00),
(36, 358, 100, 20000.00),
(36, 359, 100, 20000.00),
(36, 360, 100, 20000.00),
(37, 361, 100, 20000.00),
(37, 362, 100, 20000.00),
(37, 363, 100, 20000.00),
(37, 364, 100, 20000.00),
(37, 365, 100, 20000.00),
(37, 366, 100, 20000.00),
(37, 367, 100, 20000.00),
(37, 368, 100, 20000.00),
(37, 369, 100, 20000.00),
(37, 370, 100, 20000.00),
(38, 371, 100, 20000.00),
(38, 372, 100, 20000.00),
(38, 373, 100, 20000.00),
(38, 374, 100, 20000.00),
(38, 375, 100, 20000.00),
(38, 376, 100, 20000.00),
(38, 377, 100, 20000.00),
(38, 378, 100, 20000.00),
(38, 379, 100, 20000.00),
(38, 380, 100, 20000.00),
(39, 381, 100, 20000.00),
(39, 382, 100, 20000.00),
(39, 383, 100, 20000.00),
(39, 384, 100, 20000.00),
(39, 385, 100, 20000.00),
(39, 386, 100, 20000.00),
(39, 387, 100, 20000.00),
(39, 388, 100, 20000.00),
(39, 389, 100, 20000.00),
(39, 390, 100, 20000.00),
(40, 391, 100, 20000.00),
(40, 392, 100, 20000.00),
(40, 393, 100, 20000.00),
(40, 394, 100, 20000.00),
(40, 395, 100, 20000.00),
(40, 396, 100, 20000.00),
(40, 397, 100, 20000.00),
(40, 398, 100, 20000.00),
(40, 399, 100, 20000.00),
(40, 400, 100, 20000.00),
(41, 401, 100, 20000.00),
(41, 402, 100, 20000.00),
(41, 403, 100, 20000.00),
(41, 404, 100, 20000.00),
(41, 405, 100, 20000.00),
(41, 406, 100, 20000.00);
INSERT INTO list_item (title, type_item, cmd_top5, cmd_top30) VALUES
(
	 'New books',
	 'b',
	 'SELECT TOP 6 pr.product_id ,bo.book_name, bo.book_publication_year, pr.product_price, pr.product_image, au.author_name
        FROM books bo
        INNER JOIN products pr ON bo.product_id = pr.product_id
        INNER JOIN book_author ba ON bo.product_id = ba.product_id
        INNER JOIN author au ON au.author_id = ba.author_id
        ORDER BY book_publication_year DESC;',
	 'SELECT TOP 30 pr.product_id ,bo.book_name, bo.book_publication_year, pr.product_price, pr.product_image, au.author_name
        FROM books bo
        INNER JOIN products pr ON bo.product_id = pr.product_id
        INNER JOIN book_author ba ON bo.product_id = ba.product_id
        INNER JOIN author au ON au.author_id = ba.author_id
        ORDER BY book_publication_year DESC;'
),
(
	 'Top Stationery',
	 'P',
	 'SELECT TOP 6 pr.product_id ,ot.others_product_name, pr.product_image, pr.product_price, br.brand_name
        FROM others_products ot
        INNER JOIN products pr ON ot.product_id = pr.product_id
        INNER JOIN brands br ON br.brand_id = ot.others_product_brand_id;',
	 'SELECT TOP 30 pr.product_id ,ot.others_product_name, pr.product_image, pr.product_price, br.brand_name
        FROM others_products ot
        INNER JOIN products pr ON ot.product_id = pr.product_id
        INNER JOIN brands br ON br.brand_id = ot.others_product_brand_id;'
);
INSERT INTO customers (user_id)
VALUES (1),
       (2),
       (3),
       (4),
       (5),
       (6),
       (7);
INSERT INTO orders_online (customer_id, order_date_on, total_amount_on, status_on, note_on,employee_id,delivery_status)
VALUES (1, '2024-04-01', 150.50, 'Confirmed', 'Special delivery instructions here',1,'Scheduled'),
       (2, '2024-04-02', 99.99, 'Shipped', 'new',1,'In Transit'),
       (3, '2024-04-03', 200.25, 'Pending', 'Awaiting payment confirmation',3,'Delivered'),
       (4, '2024-04-04', 75.00, 'Completed', 'Delivered successfully',2,'Scheduled'),
       (5, '2024-04-05', 500.75, 'Unpaid', 'Payment overdue',1,'Failed'),
       (3, '2024-04-05', 50.75, 'Completed', 'Payment overdue',1,'Scheduled'),
       (7, '2024-04-05', 50.75, 'Completed', 'Payment overdue',1,'Scheduled');
INSERT INTO orders_offline (order_date_off, total_amount_off, note_off)
VALUES ('2024-04-10', 300.75, 'Special packaging instructions'),
       ('2024-04-11', 150.00, 'Good'),
       ('2024-04-12', 75.50, 'Express delivery required'),
       ('2024-04-13', 200.25, 'Gift wrapping requested'),
       ('2024-04-14', 500.00, 'Delivery address changed');
INSERT INTO order_details_on (order_id, product_id, quantity, discount)
VALUES (1, 201, 1, 0.00),
       (2, 202, 2, 0.00),
       (3, 203, 1, 0.00),
       (4, 204, 3, 15.00),
       (1, 223, 3, 15.00),
       (2, 226, 3, 15.00),
       (3, 404, 3, 15.00),
       (3, 400, 3, 15.00),
       (6, 100, 3, 15.00),
       (7, 310, 3, 15.00),
       (5, 205, 2, 5.00);
INSERT INTO order_details_off (order_id, product_id, quantity, discount)
VALUES (1, 101, 2, 0.00),
       (2, 102, 1, 5.00),
       (3, 103, 3, 0.00),
       (3, 104, 4, 10.00),
       (4, 109, 2, 0.00),
       (5, 405, 2, 0.00),
       (5, 305, 2, 5.00),
       (4, 105, 2, 0.00);
INSERT INTO support_info (title_support, content_support, created_at)
VALUES
    (N'Hỗ trợ về cài đặt', N'Hướng dẫn cài đặt phần mềm mới', GETDATE()),
    (N'Hỗ trợ kỹ thuật', N'Giải đáp thắc mắc về lỗi phần mềm', GETDATE()),
    (N'Hỗ trợ thanh toán', N'Hướng dẫn thanh toán hóa đơn', GETDATE()),
    (N'Hỗ trợ khách hàng', N'Hỗ trợ cho các yêu cầu của khách hàng', GETDATE()),
    (N'Hỗ trợ sản phẩm', N'Thông tin và hướng dẫn về sản phẩm', GETDATE()),
    (N'Hỗ trợ kinh doanh', N'Hỗ trợ về các vấn đề liên quan đến kinh doanh', GETDATE());
INSERT INTO support_users (support_id, user_id)
VALUES
    (1, 1),
    (2, 1),
    (3, 3),
    (4, 2),
    (5, 5),
    (6, 2);
INSERT INTO notiffication (notif_title, notif_content, notif_date)
VALUES
    (N'Thông báo mới', N'Bạn có một thông báo mới', GETDATE()),
    (N'Cập nhật phần mềm', N'Phiên bản mới của phần mềm đã được phát hành', GETDATE()),
    (N'Thanh toán thành công', N'Hóa đơn thanh toán đã được xác nhận', GETDATE()),
    (N'Thông báo quan trọng', N'Thông báo quan trọng về việc sửa lỗi', GETDATE()),
    (N'Thông tin sản phẩm mới', N'Thông tin về sản phẩm mới đã được cập nhật', GETDATE()),
    (N'Thông báo hệ thống', N'Thông báo về việc bảo trì hệ thống', GETDATE());
INSERT INTO feedback (title_feedback, content_feedback, date_time_feedback, support_id)
VALUES
(N'Phản hồi', N'Nội dung phản hồi 1', GETDATE(), 1),
(N'Phản hồi', N'Nội dung phản hồi 2', GETDATE(), 2),
(N'Phản hồi', N'Nội dung phản hồi 3', GETDATE(), 3);
